public_assembly_id	assembly_file_public	basalt_assembly_index	assembly_class	assembler	source_manifest	source_set	read_entry_number	read_role	public_sample_id	public_read_file	read_file_md5	ena_study	instrument_model	library_name	library_layout	library_strategy	read_platform	source_project	notes
DOGMAG_ASM001	DOGMAG_ASM001.fasta	1	long_read_only	Flye --meta	metadata/flye_lr_only_dog_manifest_20260513.tsv	mixed_kennel_lr_only	1	long_read	SRTP_0_AF3_230226	SRTP_0_AF3_230226.fastq.gz	57365283b7cd13d106a0aa78d9004a36	PRJEB115259	PromethION	SRTP_0_AF3_230226_ONT_WGS	SINGLE	WGS	long_read	mixed_kennel_ONT_WGS	Mixed-kennel read renamed to public sample identifier
DOGMAG_ASM001	DOGMAG_ASM001.fasta	1	long_read_only	Flye --meta	metadata/flye_lr_only_dog_manifest_20260513.tsv	mixed_kennel_lr_only	2	long_read	SRTP_0_AF3_231130	SRTP_0_AF3_231130.fastq.gz	607b727a8df17ba99a510bb18f5a3a8a	PRJEB115259	PromethION	SRTP_0_AF3_231130_ONT_WGS	SINGLE	WGS	long_read	mixed_kennel_ONT_WGS	Mixed-kennel read renamed to public sample identifier
DOGMAG_ASM002	DOGMAG_ASM002.fasta	2	long_read_only	Flye --meta	metadata/flye_lr_only_dog_manifest_20260513.tsv	mixed_kennel_lr_only	1	long_read	AK_BKCF_0_AF3_230409	AK_BKCF_0_AF3_230409.fastq.gz	2549b5e8df27426ae6e8dd4e78007812	PRJEB115259	PromethION	AK_BKCF_0_AF3_230409_ONT_WGS	SINGLE	WGS	long_read	mixed_kennel_ONT_WGS	Mixed-kennel read renamed to public sample identifier
DOGMAG_ASM002	DOGMAG_ASM002.fasta	2	long_read_only	Flye --meta	metadata/flye_lr_only_dog_manifest_20260513.tsv	mixed_kennel_lr_only	2	long_read	AK_BKCF_0_AF3_231114	AK_BKCF_0_AF3_231114.fastq.gz	fea4233b61cdbef72710d07890883074	PRJEB115259	PromethION	AK_BKCF_0_AF3_231114_ONT_WGS	SINGLE	WGS	long_read	mixed_kennel_ONT_WGS	Mixed-kennel read renamed to public sample identifier
DOGMAG_ASM003	DOGMAG_ASM003.fasta	3	long_read_only	Flye --meta	metadata/flye_lr_only_dog_manifest_20260513.tsv	mixed_kennel_lr_only	1	long_read	RR_0_AF1_230112	RR_0_AF1_230112.fastq.gz	59739d72c343202689da4f5ef9d7afd3	PRJEB115259	PromethION	RR_0_AF1_230112_ONT_WGS	SINGLE	WGS	long_read	mixed_kennel_ONT_WGS	Mixed-kennel read renamed to public sample identifier
DOGMAG_ASM003	DOGMAG_ASM003.fasta	3	long_read_only	Flye --meta	metadata/flye_lr_only_dog_manifest_20260513.tsv	mixed_kennel_lr_only	2	long_read	RR_0_AF1_240428	RR_0_AF1_240428.fastq.gz	1d231c82e703e1a82f062a93fa175ae8	PRJEB115259	PromethION	RR_0_AF1_240428_ONT_WGS	SINGLE	WGS	long_read	mixed_kennel_ONT_WGS	Mixed-kennel read renamed to public sample identifier
DOGMAG_ASM004	DOGMAG_ASM004.fasta	4	long_read_only	Flye --meta	metadata/flye_lr_only_dog_manifest_20260513.tsv	mixed_kennel_lr_only	1	long_read	PP_0_AM1_230714	PP_0_AM1_230714.fastq.gz	e1b59cfe914f314b3f6f2b52f7bb0976	PRJEB115259	PromethION	PP_0_AM1_230714_ONT_WGS	SINGLE	WGS	long_read	mixed_kennel_ONT_WGS	Mixed-kennel read renamed to public sample identifier
DOGMAG_ASM004	DOGMAG_ASM004.fasta	4	long_read_only	Flye --meta	metadata/flye_lr_only_dog_manifest_20260513.tsv	mixed_kennel_lr_only	2	long_read	PP_0_AM1_230814	PP_0_AM1_230814.fastq.gz	0674bd97d0bfdc04da9f012675e3d901	PRJEB115259	PromethION	PP_0_AM1_230814_ONT_WGS	SINGLE	WGS	long_read	mixed_kennel_ONT_WGS	Mixed-kennel read renamed to public sample identifier
DOGMAG_ASM005	DOGMAG_ASM005.fasta	5	long_read_only	Flye --meta	metadata/flye_lr_only_dog_manifest_20260513.tsv	mixed_kennel_lr_only	1	long_read	AK_BKCF_0_AF4_230409	AK_BKCF_0_AF4_230409.fastq.gz	dde8d1efc363feeacfbe94740c53abb4	PRJEB115259	PromethION	AK_BKCF_0_AF4_230409_ONT_WGS	SINGLE	WGS	long_read	mixed_kennel_ONT_WGS	Mixed-kennel read renamed to public sample identifier
DOGMAG_ASM005	DOGMAG_ASM005.fasta	5	long_read_only	Flye --meta	metadata/flye_lr_only_dog_manifest_20260513.tsv	mixed_kennel_lr_only	2	long_read	AK_BKCF_0_AF4_231026	AK_BKCF_0_AF4_231026.fastq.gz	d21c533135ac721555c44294c7fbcb4a	PRJEB115259	PromethION	AK_BKCF_0_AF4_231026_ONT_WGS	SINGLE	WGS	long_read	mixed_kennel_ONT_WGS	Mixed-kennel read renamed to public sample identifier
DOGMAG_ASM006	DOGMAG_ASM006.fasta	6	long_read_only	Flye --meta	metadata/flye_lr_only_dog_manifest_20260513.tsv	mixed_kennel_lr_only	1	long_read	DMD_B_PF1_240722	DMD_B_PF1_240722.fastq.gz	c1f656871e39aaf8634fc45757f85688	PRJEB115259	PromethION	DMD_B_PF1_240722_ONT_WGS	SINGLE	WGS	long_read	mixed_kennel_ONT_WGS	Mixed-kennel read renamed to public sample identifier
DOGMAG_ASM007	DOGMAG_ASM007.fasta	7	long_read_only	Flye --meta	metadata/flye_lr_only_dog_manifest_20260513.tsv	mixed_kennel_lr_only	1	long_read	PP_0_AF2_230714	PP_0_AF2_230714.fastq.gz	35623c854f2298c9a1105d2dd0f2fd45	PRJEB115259	PromethION	PP_0_AF2_230714_ONT_WGS	SINGLE	WGS	long_read	mixed_kennel_ONT_WGS	Mixed-kennel read renamed to public sample identifier
DOGMAG_ASM007	DOGMAG_ASM007.fasta	7	long_read_only	Flye --meta	metadata/flye_lr_only_dog_manifest_20260513.tsv	mixed_kennel_lr_only	2	long_read	PP_0_AF2_230814	PP_0_AF2_230814.fastq.gz	d8a2b2eaf7c5c1e104f31d39d1371aaf	PRJEB115259	PromethION	PP_0_AF2_230814_ONT_WGS	SINGLE	WGS	long_read	mixed_kennel_ONT_WGS	Mixed-kennel read renamed to public sample identifier
DOGMAG_ASM008	DOGMAG_ASM008.fasta	8	long_read_only	Flye --meta	metadata/flye_lr_only_dog_manifest_20260513.tsv	mixed_kennel_lr_only	1	long_read	RR_0_AF3_230114	RR_0_AF3_230114.fastq.gz	80e0bca18ef66ef8368aa0a85dca3531	PRJEB115259	PromethION	RR_0_AF3_230114_ONT_WGS	SINGLE	WGS	long_read	mixed_kennel_ONT_WGS	Mixed-kennel read renamed to public sample identifier
DOGMAG_ASM008	DOGMAG_ASM008.fasta	8	long_read_only	Flye --meta	metadata/flye_lr_only_dog_manifest_20260513.tsv	mixed_kennel_lr_only	2	long_read	RR_0_AF3_230507	RR_0_AF3_230507.fastq.gz	625e5817267c8bc7ac8bf55041b132aa	PRJEB115259	PromethION	RR_0_AF3_230507_ONT_WGS	SINGLE	WGS	long_read	mixed_kennel_ONT_WGS	Mixed-kennel read renamed to public sample identifier
DOGMAG_ASM009	DOGMAG_ASM009.fasta	9	long_read_only	Flye --meta	metadata/flye_lr_only_dog_manifest_20260513.tsv	mixed_kennel_lr_only	1	long_read	AK_BKCF_0_AF2_230312	AK_BKCF_0_AF2_230312.fastq.gz	51a94002cfd2e0ff0742fe25d5ab112c	PRJEB115259	PromethION	AK_BKCF_0_AF2_230312_ONT_WGS	SINGLE	WGS	long_read	mixed_kennel_ONT_WGS	Mixed-kennel read renamed to public sample identifier
DOGMAG_ASM009	DOGMAG_ASM009.fasta	9	long_read_only	Flye --meta	metadata/flye_lr_only_dog_manifest_20260513.tsv	mixed_kennel_lr_only	2	long_read	AK_BKCF_0_AF2_231026	AK_BKCF_0_AF2_231026.fastq.gz	b5435a049ad92ab1f574f657b7bcbcb0	PRJEB115259	PromethION	AK_BKCF_0_AF2_231026_ONT_WGS	SINGLE	WGS	long_read	mixed_kennel_ONT_WGS	Mixed-kennel read renamed to public sample identifier
DOGMAG_ASM010	DOGMAG_ASM010.fasta	10	long_read_only	Flye --meta	metadata/flye_lr_only_dog_manifest_20260513.tsv	mixed_kennel_plus_serteperti_sixbarcode	1	long_read	SRTP_0_AM1_230327	SRTP_0_AM1_230327.fastq.gz	e70827e0f68931e9f723da89353c2c15	PRJEB115259	PromethION	SRTP_0_AM1_230327_ONT_WGS	SINGLE	WGS	long_read	mixed_kennel_ONT_WGS	Mixed-kennel read renamed to public sample identifier
DOGMAG_ASM010	DOGMAG_ASM010.fasta	10	long_read_only	Flye --meta	metadata/flye_lr_only_dog_manifest_20260513.tsv	mixed_kennel_plus_serteperti_sixbarcode	2	long_read	SRTP_0_AM1_231124	SRTP_0_AM1_231124.fastq.gz	0b5dccd3cd6698692d553f29d6988a6b	PRJEB115259	PromethION	SRTP_0_AM1_231124_ONT_WGS	SINGLE	WGS	long_read	mixed_kennel_ONT_WGS	Mixed-kennel read renamed to public sample identifier
DOGMAG_ASM010	DOGMAG_ASM010.fasta	10	long_read_only	Flye --meta	metadata/flye_lr_only_dog_manifest_20260513.tsv	mixed_kennel_plus_serteperti_sixbarcode	3	long_read	SRTP_LR_DOG02	SRTP_LR_DOG02_HMW_BC02.fastq.gz	8cdf564d627c455f27990f24cc008f9a	PRJEB115259	MinION	SRTP_LR_DOG02_HMW_BC02_ONT_WGS	SINGLE	WGS	long_read	ENA_PRJEB115259_long_read	
DOGMAG_ASM010	DOGMAG_ASM010.fasta	10	long_read_only	Flye --meta	metadata/flye_lr_only_dog_manifest_20260513.tsv	mixed_kennel_plus_serteperti_sixbarcode	4	long_read	SRTP_LR_DOG02	SRTP_LR_DOG02_ZMB96_BC05.fastq.gz	f8f93d908dae9d8b3cb112c9628c8da5	PRJEB115259	MinION	SRTP_LR_DOG02_ZMB96_BC05_ONT_WGS	SINGLE	WGS	long_read	ENA_PRJEB115259_long_read	
DOGMAG_ASM011	DOGMAG_ASM011.fasta	11	long_read_only	Flye --meta	metadata/flye_lr_only_dog_manifest_20260513.tsv	mixed_kennel_lr_only	1	long_read	DMD_D_PF2_240722	DMD_D_PF2_240722.fastq.gz	bc2a6e936f2ac25776b4de774fe04642	PRJEB115259	PromethION	DMD_D_PF2_240722_ONT_WGS	SINGLE	WGS	long_read	mixed_kennel_ONT_WGS	Mixed-kennel read renamed to public sample identifier
DOGMAG_ASM012	DOGMAG_ASM012.fasta	12	long_read_only	Flye --meta	metadata/flye_lr_only_dog_manifest_20260513.tsv	mixed_kennel_lr_only	1	long_read	AK_RR_F_PM3_230507	AK_RR_F_PM3_230507.fastq.gz	1326bb08bac080bc515e64272a09b043	PRJEB115259	PromethION	AK_RR_F_PM3_230507_ONT_WGS	SINGLE	WGS	long_read	mixed_kennel_ONT_WGS	Mixed-kennel read renamed to public sample identifier
DOGMAG_ASM012	DOGMAG_ASM012.fasta	12	long_read_only	Flye --meta	metadata/flye_lr_only_dog_manifest_20260513.tsv	mixed_kennel_lr_only	2	long_read	AK_RR_F_PM3_231026	AK_RR_F_PM3_231026.fastq.gz	abd4d8e13a535a5c6a0142b70f9b7ec6	PRJEB115259	PromethION	AK_RR_F_PM3_231026_ONT_WGS	SINGLE	WGS	long_read	mixed_kennel_ONT_WGS	Mixed-kennel read renamed to public sample identifier
DOGMAG_ASM013	DOGMAG_ASM013.fasta	13	long_read_only	Flye --meta	metadata/flye_lr_only_dog_manifest_20260513.tsv	mixed_kennel_lr_only	1	long_read	RR_F_PF1_230322	RR_F_PF1_230322.fastq.gz	8d5f43286e35325ff3f863c4f2663e51	PRJEB115259	PromethION	RR_F_PF1_230322_ONT_WGS	SINGLE	WGS	long_read	mixed_kennel_ONT_WGS	Mixed-kennel read renamed to public sample identifier
DOGMAG_ASM013	DOGMAG_ASM013.fasta	13	long_read_only	Flye --meta	metadata/flye_lr_only_dog_manifest_20260513.tsv	mixed_kennel_lr_only	2	long_read	RR_F_PF1_230521	RR_F_PF1_230521.fastq.gz	ed430df19c1ad4a9f4e585528d934a86	PRJEB115259	PromethION	RR_F_PF1_230521_ONT_WGS	SINGLE	WGS	long_read	mixed_kennel_ONT_WGS	Mixed-kennel read renamed to public sample identifier
DOGMAG_ASM014	DOGMAG_ASM014.fasta	14	long_read_only	Flye --meta	metadata/flye_lr_only_dog_manifest_20260513.tsv	mixed_kennel_lr_only	1	long_read	PP_0_AM2_230714	PP_0_AM2_230714.fastq.gz	4ec6f57ef0fb9ded2cdf6e64a93b3157	PRJEB115259	PromethION	PP_0_AM2_230714_ONT_WGS	SINGLE	WGS	long_read	mixed_kennel_ONT_WGS	Mixed-kennel read renamed to public sample identifier
DOGMAG_ASM014	DOGMAG_ASM014.fasta	14	long_read_only	Flye --meta	metadata/flye_lr_only_dog_manifest_20260513.tsv	mixed_kennel_lr_only	2	long_read	PP_0_AM2_230814	PP_0_AM2_230814.fastq.gz	d7fc2921628e76f36fcdc014e36957be	PRJEB115259	PromethION	PP_0_AM2_230814_ONT_WGS	SINGLE	WGS	long_read	mixed_kennel_ONT_WGS	Mixed-kennel read renamed to public sample identifier
DOGMAG_ASM015	DOGMAG_ASM015.fasta	15	long_read_only	Flye --meta	metadata/flye_lr_only_dog_manifest_20260513.tsv	mixed_kennel_lr_only	1	long_read	RR_F_PM4_230308	RR_F_PM4_230308.fastq.gz	6ac8ebc0724f06fe4bf4c4436bbc5dac	PRJEB115259	PromethION	RR_F_PM4_230308_ONT_WGS	SINGLE	WGS	long_read	mixed_kennel_ONT_WGS	Mixed-kennel read renamed to public sample identifier
DOGMAG_ASM015	DOGMAG_ASM015.fasta	15	long_read_only	Flye --meta	metadata/flye_lr_only_dog_manifest_20260513.tsv	mixed_kennel_lr_only	2	long_read	RR_F_PM4_240331	RR_F_PM4_240331.fastq.gz	d4a904306e39b77f25158072fb2abbb1	PRJEB115259	PromethION	RR_F_PM4_240331_ONT_WGS	SINGLE	WGS	long_read	mixed_kennel_ONT_WGS	Mixed-kennel read renamed to public sample identifier
DOGMAG_ASM016	DOGMAG_ASM016.fasta	16	long_read_only	Flye --meta	metadata/flye_lr_only_dog_manifest_20260513.tsv	mixed_kennel_lr_only	1	long_read	SRTP_G_PF1_230226	SRTP_G_PF1_230226.fastq.gz	de4b5a84371c54933ad5b3e8b28a1adc	PRJEB115259	PromethION	SRTP_G_PF1_230226_ONT_WGS	SINGLE	WGS	long_read	mixed_kennel_ONT_WGS	Mixed-kennel read renamed to public sample identifier
DOGMAG_ASM016	DOGMAG_ASM016.fasta	16	long_read_only	Flye --meta	metadata/flye_lr_only_dog_manifest_20260513.tsv	mixed_kennel_lr_only	2	long_read	SRTP_G_PF1_231130	SRTP_G_PF1_231130.fastq.gz	73ad2729e943528c3b3106f6395add72	PRJEB115259	PromethION	SRTP_G_PF1_231130_ONT_WGS	SINGLE	WGS	long_read	mixed_kennel_ONT_WGS	Mixed-kennel read renamed to public sample identifier
DOGMAG_ASM017	DOGMAG_ASM017.fasta	17	long_read_only	Flye --meta	metadata/flye_lr_only_dog_manifest_20260513.tsv	mixed_kennel_lr_only	1	long_read	LPL_0_AF1_230502	LPL_0_AF1_230502.fastq.gz	2a8cfdb79765a64b90773f081aaee539	PRJEB115259	PromethION	LPL_0_AF1_230502_ONT_WGS	SINGLE	WGS	long_read	mixed_kennel_ONT_WGS	Mixed-kennel read renamed to public sample identifier
DOGMAG_ASM017	DOGMAG_ASM017.fasta	17	long_read_only	Flye --meta	metadata/flye_lr_only_dog_manifest_20260513.tsv	mixed_kennel_lr_only	2	long_read	LPL_0_AF1_230729	LPL_0_AF1_230729.fastq.gz	2e614809c28ac26109b73ef0b446db88	PRJEB115259	PromethION	LPL_0_AF1_230729_ONT_WGS	SINGLE	WGS	long_read	mixed_kennel_ONT_WGS	Mixed-kennel read renamed to public sample identifier
DOGMAG_ASM018	DOGMAG_ASM018.fasta	18	long_read_only	Flye --meta	metadata/flye_lr_only_dog_manifest_20260513.tsv	mixed_kennel_lr_only	1	long_read	RR_0_AF2_230105	RR_0_AF2_230105.fastq.gz	e5198aeda19e852276493843c9b6ae02	PRJEB115259	PromethION	RR_0_AF2_230105_ONT_WGS	SINGLE	WGS	long_read	mixed_kennel_ONT_WGS	Mixed-kennel read renamed to public sample identifier
DOGMAG_ASM018	DOGMAG_ASM018.fasta	18	long_read_only	Flye --meta	metadata/flye_lr_only_dog_manifest_20260513.tsv	mixed_kennel_lr_only	2	long_read	RR_0_AF2_230507	RR_0_AF2_230507.fastq.gz	db0322d6ae81d44fef6cfa557e3fe7f1	PRJEB115259	PromethION	RR_0_AF2_230507_ONT_WGS	SINGLE	WGS	long_read	mixed_kennel_ONT_WGS	Mixed-kennel read renamed to public sample identifier
DOGMAG_ASM019	DOGMAG_ASM019.fasta	19	long_read_only	Flye --meta	metadata/flye_lr_only_dog_manifest_20260513.tsv	mixed_kennel_lr_only	1	long_read	SRTP_H_PM2_230604	SRTP_H_PM2_230604.fastq.gz	004a6c2c4f954460190d470dc848e843	PRJEB115259	PromethION	SRTP_H_PM2_230604_ONT_WGS	SINGLE	WGS	long_read	mixed_kennel_ONT_WGS	Mixed-kennel read renamed to public sample identifier
DOGMAG_ASM019	DOGMAG_ASM019.fasta	19	long_read_only	Flye --meta	metadata/flye_lr_only_dog_manifest_20260513.tsv	mixed_kennel_lr_only	2	long_read	SRTP_H_PM2_231130	SRTP_H_PM2_231130.fastq.gz	f860eecea5bd889ca0632ab661993894	PRJEB115259	PromethION	SRTP_H_PM2_231130_ONT_WGS	SINGLE	WGS	long_read	mixed_kennel_ONT_WGS	Mixed-kennel read renamed to public sample identifier
DOGMAG_ASM020	DOGMAG_ASM020.fasta	20	long_read_only	Flye --meta	metadata/flye_lr_only_dog_manifest_20260513.tsv	mixed_kennel_plus_serteperti_sixbarcode	1	long_read	SRTP_0_AF1_230226	SRTP_0_AF1_230226.fastq.gz	561015e0ed5866747c4ecb79ffc61528	PRJEB115259	PromethION	SRTP_0_AF1_230226_ONT_WGS	SINGLE	WGS	long_read	mixed_kennel_ONT_WGS	Mixed-kennel read renamed to public sample identifier
DOGMAG_ASM020	DOGMAG_ASM020.fasta	20	long_read_only	Flye --meta	metadata/flye_lr_only_dog_manifest_20260513.tsv	mixed_kennel_plus_serteperti_sixbarcode	2	long_read	SRTP_0_AF1_231125	SRTP_0_AF1_231125.fastq.gz	dfd2584a2839769ddbcbbb7bfd8e5835	PRJEB115259	PromethION	SRTP_0_AF1_231125_ONT_WGS	SINGLE	WGS	long_read	mixed_kennel_ONT_WGS	Mixed-kennel read renamed to public sample identifier
DOGMAG_ASM020	DOGMAG_ASM020.fasta	20	long_read_only	Flye --meta	metadata/flye_lr_only_dog_manifest_20260513.tsv	mixed_kennel_plus_serteperti_sixbarcode	3	long_read	SRTP_LR_DOG03	SRTP_LR_DOG03_HMW_BC03.fastq.gz	58bad1b0910c309ca8fb439234e6fe4e	PRJEB115259	MinION	SRTP_LR_DOG03_HMW_BC03_ONT_WGS	SINGLE	WGS	long_read	ENA_PRJEB115259_long_read	
DOGMAG_ASM020	DOGMAG_ASM020.fasta	20	long_read_only	Flye --meta	metadata/flye_lr_only_dog_manifest_20260513.tsv	mixed_kennel_plus_serteperti_sixbarcode	4	long_read	SRTP_LR_DOG03	SRTP_LR_DOG03_ZMB96_BC06.fastq.gz	4e6ccce9557544a65fefb49b3f280ac8	PRJEB115259	MinION	SRTP_LR_DOG03_ZMB96_BC06_ONT_WGS	SINGLE	WGS	long_read	ENA_PRJEB115259_long_read	
DOGMAG_ASM021	DOGMAG_ASM021.fasta	21	long_read_only	Flye --meta	metadata/flye_lr_only_dog_manifest_20260513.tsv	mixed_kennel_lr_only	1	long_read	LPL_P_PF1_230608	LPL_P_PF1_230608.fastq.gz	798976bca8736526d93f6f2f098c5f41	PRJEB115259	PromethION	LPL_P_PF1_230608_ONT_WGS	SINGLE	WGS	long_read	mixed_kennel_ONT_WGS	Mixed-kennel read renamed to public sample identifier
DOGMAG_ASM021	DOGMAG_ASM021.fasta	21	long_read_only	Flye --meta	metadata/flye_lr_only_dog_manifest_20260513.tsv	mixed_kennel_lr_only	2	long_read	LPL_P_PF1_230826	LPL_P_PF1_230826.fastq.gz	9af4d0bd04689ec3537858094f842c85	PRJEB115259	PromethION	LPL_P_PF1_230826_ONT_WGS	SINGLE	WGS	long_read	mixed_kennel_ONT_WGS	Mixed-kennel read renamed to public sample identifier
DOGMAG_ASM022	DOGMAG_ASM022.fasta	22	long_read_only	Flye --meta	metadata/flye_lr_only_dog_manifest_20260513.tsv	mixed_kennel_lr_only	1	long_read	DMD_0_AM1_240722	DMD_0_AM1_240722.fastq.gz	6f07e2fdc6cdd49d063a44f213175726	PRJEB115259	PromethION	DMD_0_AM1_240722_ONT_WGS	SINGLE	WGS	long_read	mixed_kennel_ONT_WGS	Mixed-kennel read renamed to public sample identifier
DOGMAG_ASM023	DOGMAG_ASM023.fasta	23	long_read_only	Flye --meta	metadata/flye_lr_only_dog_manifest_20260513.tsv	mixed_kennel_lr_only	1	long_read	SRTP_0_AM3_230327	SRTP_0_AM3_230327.fastq.gz	9ad6c05596371c647f61b65478db754a	PRJEB115259	PromethION	SRTP_0_AM3_230327_ONT_WGS	SINGLE	WGS	long_read	mixed_kennel_ONT_WGS	Mixed-kennel read renamed to public sample identifier
DOGMAG_ASM023	DOGMAG_ASM023.fasta	23	long_read_only	Flye --meta	metadata/flye_lr_only_dog_manifest_20260513.tsv	mixed_kennel_lr_only	2	long_read	SRTP_0_AM3_231125	SRTP_0_AM3_231125.fastq.gz	30e27ad00ace727d6c193245964e8a3c	PRJEB115259	PromethION	SRTP_0_AM3_231125_ONT_WGS	SINGLE	WGS	long_read	mixed_kennel_ONT_WGS	Mixed-kennel read renamed to public sample identifier
DOGMAG_ASM024	DOGMAG_ASM024.fasta	24	long_read_only	Flye --meta	metadata/flye_lr_only_dog_manifest_20260513.tsv	mixed_kennel_lr_only	1	long_read	RR_0_AM1_230115	RR_0_AM1_230115.fastq.gz	fbfd39b4afac718bdd89ba87c88546dd	PRJEB115259	PromethION	RR_0_AM1_230115_ONT_WGS	SINGLE	WGS	long_read	mixed_kennel_ONT_WGS	Mixed-kennel read renamed to public sample identifier
DOGMAG_ASM024	DOGMAG_ASM024.fasta	24	long_read_only	Flye --meta	metadata/flye_lr_only_dog_manifest_20260513.tsv	mixed_kennel_lr_only	2	long_read	RR_0_AM1_230521	RR_0_AM1_230521.fastq.gz	50cd6261a9a3ca2bdcc4889b48b8d462	PRJEB115259	PromethION	RR_0_AM1_230521_ONT_WGS	SINGLE	WGS	long_read	mixed_kennel_ONT_WGS	Mixed-kennel read renamed to public sample identifier
DOGMAG_ASM025	DOGMAG_ASM025.fasta	25	long_read_only	Flye --meta	metadata/flye_lr_only_dog_manifest_20260513.tsv	mixed_kennel_lr_only	1	long_read	DMD_D_PF2_230521	DMD_D_PF2_230521.fastq.gz	8c99e70daef70919cf7d2aab45df51b3	PRJEB115259	PromethION	DMD_D_PF2_230521_ONT_WGS	SINGLE	WGS	long_read	mixed_kennel_ONT_WGS	Mixed-kennel read renamed to public sample identifier
DOGMAG_ASM026	DOGMAG_ASM026.fasta	26	long_read_only	Flye --meta	metadata/flye_lr_only_dog_manifest_20260513.tsv	mixed_kennel_lr_only	1	long_read	AK_BKCF_0_AF1_230409	AK_BKCF_0_AF1_230409.fastq.gz	21687b9256dc9d0f548569b11dd294b5	PRJEB115259	PromethION	AK_BKCF_0_AF1_230409_ONT_WGS	SINGLE	WGS	long_read	mixed_kennel_ONT_WGS	Mixed-kennel read renamed to public sample identifier
DOGMAG_ASM026	DOGMAG_ASM026.fasta	26	long_read_only	Flye --meta	metadata/flye_lr_only_dog_manifest_20260513.tsv	mixed_kennel_lr_only	2	long_read	AK_BKCF_0_AF1_230911	AK_BKCF_0_AF1_230911.fastq.gz	0bc7cf8c011856abb87cd939eae0417d	PRJEB115259	PromethION	AK_BKCF_0_AF1_230911_ONT_WGS	SINGLE	WGS	long_read	mixed_kennel_ONT_WGS	Mixed-kennel read renamed to public sample identifier
DOGMAG_ASM027	DOGMAG_ASM027.fasta	27	long_read_only	Flye --meta	metadata/flye_lr_only_dog_manifest_20260513.tsv	mixed_kennel_lr_only	1	long_read	PP_K_PF2_230806	PP_K_PF2_230806.fastq.gz	6e63f5c487132784b92f8e5c6523a814	PRJEB115259	PromethION	PP_K_PF2_230806_ONT_WGS	SINGLE	WGS	long_read	mixed_kennel_ONT_WGS	Mixed-kennel read renamed to public sample identifier
DOGMAG_ASM027	DOGMAG_ASM027.fasta	27	long_read_only	Flye --meta	metadata/flye_lr_only_dog_manifest_20260513.tsv	mixed_kennel_lr_only	2	long_read	PP_K_PF2_230918	PP_K_PF2_230918.fastq.gz	53d7488473984d618b6240918cb261ec	PRJEB115259	PromethION	PP_K_PF2_230918_ONT_WGS	SINGLE	WGS	long_read	mixed_kennel_ONT_WGS	Mixed-kennel read renamed to public sample identifier
DOGMAG_ASM028	DOGMAG_ASM028.fasta	28	long_read_only	Flye --meta	metadata/flye_lr_only_dog_manifest_20260513.tsv	mixed_kennel_plus_serteperti_sixbarcode	1	long_read	SRTP_0_AF5_200226	SRTP_0_AF5_200226.fastq.gz	bbb0addb359ffd769a608ba1c7d300c4	PRJEB115259	PromethION	SRTP_0_AF5_200226_ONT_WGS	SINGLE	WGS	long_read	mixed_kennel_ONT_WGS	Mixed-kennel read renamed to public sample identifier
DOGMAG_ASM028	DOGMAG_ASM028.fasta	28	long_read_only	Flye --meta	metadata/flye_lr_only_dog_manifest_20260513.tsv	mixed_kennel_plus_serteperti_sixbarcode	2	long_read	SRTP_0_AF5_231130	SRTP_0_AF5_231130.fastq.gz	c1b74b2e7409d5e2aab0f132d0e27ca2	PRJEB115259	PromethION	SRTP_0_AF5_231130_ONT_WGS	SINGLE	WGS	long_read	mixed_kennel_ONT_WGS	Mixed-kennel read renamed to public sample identifier
DOGMAG_ASM028	DOGMAG_ASM028.fasta	28	long_read_only	Flye --meta	metadata/flye_lr_only_dog_manifest_20260513.tsv	mixed_kennel_plus_serteperti_sixbarcode	3	long_read	SRTP_LR_DOG01	SRTP_LR_DOG01_HMW_BC01.fastq.gz	cdb4d5002671cf19738852f1238efed6	PRJEB115259	MinION	SRTP_LR_DOG01_HMW_BC01_ONT_WGS	SINGLE	WGS	long_read	ENA_PRJEB115259_long_read	
DOGMAG_ASM028	DOGMAG_ASM028.fasta	28	long_read_only	Flye --meta	metadata/flye_lr_only_dog_manifest_20260513.tsv	mixed_kennel_plus_serteperti_sixbarcode	4	long_read	SRTP_LR_DOG01	SRTP_LR_DOG01_ZMB96_BC04.fastq.gz	3faddf73d6b18084cf3e3e4f002cf53b	PRJEB115259	MinION	SRTP_LR_DOG01_ZMB96_BC04_ONT_WGS	SINGLE	WGS	long_read	ENA_PRJEB115259_long_read	
DOGMAG_ASM029	DOGMAG_ASM029.fasta	29	long_read_only	Flye --meta	metadata/flye_lr_only_dog_manifest_20260513.tsv	mixed_kennel_lr_only	1	long_read	SRTP_0_AM2_230226	SRTP_0_AM2_230226.fastq.gz	ae937e5ea618b8935057af182dbff23f	PRJEB115259	PromethION	SRTP_0_AM2_230226_ONT_WGS	SINGLE	WGS	long_read	mixed_kennel_ONT_WGS	Mixed-kennel read renamed to public sample identifier
DOGMAG_ASM029	DOGMAG_ASM029.fasta	29	long_read_only	Flye --meta	metadata/flye_lr_only_dog_manifest_20260513.tsv	mixed_kennel_lr_only	2	long_read	SRTP_0_AM2_231124	SRTP_0_AM2_231124.fastq.gz	54deff711a99be8322de1ae7ead7e4ec	PRJEB115259	PromethION	SRTP_0_AM2_231124_ONT_WGS	SINGLE	WGS	long_read	mixed_kennel_ONT_WGS	Mixed-kennel read renamed to public sample identifier
DOGMAG_ASM030	DOGMAG_ASM030.fasta	30	long_read_only	Flye --meta	metadata/flye_lr_only_dog_manifest_20260513.tsv	mixed_kennel_lr_only	1	long_read	DMD_0_AF1_211103	DMD_0_AF1_211103.fastq.gz	c44772f9e69cb33f23b1de08d0c9c88f	PRJEB115259	PromethION	DMD_0_AF1_211103_ONT_WGS	SINGLE	WGS	long_read	mixed_kennel_ONT_WGS	Mixed-kennel read renamed to public sample identifier
DOGMAG_ASM030	DOGMAG_ASM030.fasta	30	long_read_only	Flye --meta	metadata/flye_lr_only_dog_manifest_20260513.tsv	mixed_kennel_lr_only	2	long_read	DMD_0_AF1_240722	DMD_0_AF1_240722.fastq.gz	c1573f47f25e4db05d12ea618bb5d0b4	PRJEB115259	PromethION	DMD_0_AF1_240722_ONT_WGS	SINGLE	WGS	long_read	mixed_kennel_ONT_WGS	Mixed-kennel read renamed to public sample identifier
DOGMAG_ASM031	DOGMAG_ASM031.fasta	42	hybrid_long_short_read	OPERA-MS	metadata/opera_ms_dog_coassembly_manifest_from_excel.tsv	all_hybrid_from_excel	1	long_read	DMD_B_PF1_210509	DMD_B_PF1_210509.fastq.gz	cad39fe428e56d40d0846361b001e0f5	PRJEB115259	PromethION	DMD_B_PF1_210509_ONT_WGS	SINGLE	WGS	long_read	mixed_kennel_ONT_WGS	Mixed-kennel read renamed to public sample identifier
DOGMAG_ASM031	DOGMAG_ASM031.fasta	42	hybrid_long_short_read	OPERA-MS	metadata/opera_ms_dog_coassembly_manifest_from_excel.tsv	all_hybrid_from_excel	2	long_read	DMD_B_PF1	DMD_B_PF1_MN_BC08.fastq.gz	0c9d5aa8d363c98db578473581ce382b	PRJEB115259	MinION	DMD_B_PF1_MN_BC08_ONT_WGS	SINGLE	WGS	long_read	ENA_PRJEB115259_long_read	
DOGMAG_ASM031	DOGMAG_ASM031.fasta	42	hybrid_long_short_read	OPERA-MS	metadata/opera_ms_dog_coassembly_manifest_from_excel.tsv	all_hybrid_from_excel	3	long_read	DMD_B_PF1	DMD_B_PF1_Zymo_HMW_BC04.fastq.gz	90f0869bcc4d55d36a6fd888204fe867	PRJEB115259	MinION	DMD_B_PF1_Zymo_HMW_BC04_ONT_WGS	SINGLE	WGS	long_read	ENA_PRJEB115259_long_read	
DOGMAG_ASM031	DOGMAG_ASM031.fasta	42	hybrid_long_short_read	OPERA-MS	metadata/opera_ms_dog_coassembly_manifest_from_excel.tsv	all_hybrid_from_excel	4	short_read_R1	DMD_B_PF1_201209	DMD_B_PF1_201209_trimmed_host_removed_R1.fq.gz		previously_uploaded	Illumina	DMD_B_PF1_201209_ILLUMINA_WGS	PAIRED	WGS	short_read	DMD_short_read	DMD short read used coded sample ID from FASTQ filename
DOGMAG_ASM031	DOGMAG_ASM031.fasta	42	hybrid_long_short_read	OPERA-MS	metadata/opera_ms_dog_coassembly_manifest_from_excel.tsv	all_hybrid_from_excel	5	short_read_R1	DMD_B_PF1_201216	DMD_B_PF1_201216_trimmed_host_removed_R1.fq.gz		previously_uploaded	Illumina	DMD_B_PF1_201216_ILLUMINA_WGS	PAIRED	WGS	short_read	DMD_short_read	DMD short read used coded sample ID from FASTQ filename
DOGMAG_ASM031	DOGMAG_ASM031.fasta	42	hybrid_long_short_read	OPERA-MS	metadata/opera_ms_dog_coassembly_manifest_from_excel.tsv	all_hybrid_from_excel	6	short_read_R1	DMD_B_PF1_201219	DMD_B_PF1_201219_trimmed_host_removed_R1.fq.gz		previously_uploaded	Illumina	DMD_B_PF1_201219_ILLUMINA_WGS	PAIRED	WGS	short_read	DMD_short_read	DMD short read used coded sample ID from FASTQ filename
DOGMAG_ASM031	DOGMAG_ASM031.fasta	42	hybrid_long_short_read	OPERA-MS	metadata/opera_ms_dog_coassembly_manifest_from_excel.tsv	all_hybrid_from_excel	7	short_read_R1	DMD_B_PF1_201226	DMD_B_PF1_201226_trimmed_host_removed_R1.fq.gz		previously_uploaded	Illumina	DMD_B_PF1_201226_ILLUMINA_WGS	PAIRED	WGS	short_read	DMD_short_read	DMD short read used coded sample ID from FASTQ filename
DOGMAG_ASM031	DOGMAG_ASM031.fasta	42	hybrid_long_short_read	OPERA-MS	metadata/opera_ms_dog_coassembly_manifest_from_excel.tsv	all_hybrid_from_excel	8	short_read_R1	DMD_B_PF1_201227	DMD_B_PF1_201227_trimmed_host_removed_R1.fq.gz		previously_uploaded	Illumina	DMD_B_PF1_201227_ILLUMINA_WGS	PAIRED	WGS	short_read	DMD_short_read	DMD short read used coded sample ID from FASTQ filename
DOGMAG_ASM031	DOGMAG_ASM031.fasta	42	hybrid_long_short_read	OPERA-MS	metadata/opera_ms_dog_coassembly_manifest_from_excel.tsv	all_hybrid_from_excel	9	short_read_R1	DMD_B_PF1_210509	DMD_B_PF1_210509_trimmed_host_removed_R1.fq.gz		previously_uploaded	Illumina	DMD_B_PF1_210509_ILLUMINA_WGS	PAIRED	WGS	short_read	DMD_short_read	DMD short read used coded sample ID from FASTQ filename
DOGMAG_ASM031	DOGMAG_ASM031.fasta	42	hybrid_long_short_read	OPERA-MS	metadata/opera_ms_dog_coassembly_manifest_from_excel.tsv	all_hybrid_from_excel	10	short_read_R1	DMD_B_PF1_211222	DMD_B_PF1_211222_trimmed_host_removed_R1.fq.gz		previously_uploaded	Illumina	DMD_B_PF1_211222_ILLUMINA_WGS	PAIRED	WGS	short_read	DMD_short_read	DMD short read used coded sample ID from FASTQ filename
DOGMAG_ASM031	DOGMAG_ASM031.fasta	42	hybrid_long_short_read	OPERA-MS	metadata/opera_ms_dog_coassembly_manifest_from_excel.tsv	all_hybrid_from_excel	11	short_read_R1	DMD_B_PF1_211227	DMD_B_PF1_211227_trimmed_host_removed_R1.fq.gz		previously_uploaded	Illumina	DMD_B_PF1_211227_ILLUMINA_WGS	PAIRED	WGS	short_read	DMD_short_read	DMD short read used coded sample ID from FASTQ filename
DOGMAG_ASM031	DOGMAG_ASM031.fasta	42	hybrid_long_short_read	OPERA-MS	metadata/opera_ms_dog_coassembly_manifest_from_excel.tsv	all_hybrid_from_excel	12	short_read_R1	DMD_B_PF1_220101	DMD_B_PF1_220101_trimmed_host_removed_R1.fq.gz		previously_uploaded	Illumina	DMD_B_PF1_220101_ILLUMINA_WGS	PAIRED	WGS	short_read	DMD_short_read	DMD short read used coded sample ID from FASTQ filename
DOGMAG_ASM031	DOGMAG_ASM031.fasta	42	hybrid_long_short_read	OPERA-MS	metadata/opera_ms_dog_coassembly_manifest_from_excel.tsv	all_hybrid_from_excel	13	short_read_R1	DMD_B_PF1_220117	DMD_B_PF1_220117_trimmed_host_removed_R1.fq.gz		previously_uploaded	Illumina	DMD_B_PF1_220117_ILLUMINA_WGS	PAIRED	WGS	short_read	DMD_short_read	DMD short read used coded sample ID from FASTQ filename
DOGMAG_ASM031	DOGMAG_ASM031.fasta	42	hybrid_long_short_read	OPERA-MS	metadata/opera_ms_dog_coassembly_manifest_from_excel.tsv	all_hybrid_from_excel	14	short_read_R1	DMD_B_PF1_220204	DMD_B_PF1_220204_trimmed_host_removed_R1.fq.gz		previously_uploaded	Illumina	DMD_B_PF1_220204_ILLUMINA_WGS	PAIRED	WGS	short_read	DMD_short_read	DMD short read used coded sample ID from FASTQ filename
DOGMAG_ASM031	DOGMAG_ASM031.fasta	42	hybrid_long_short_read	OPERA-MS	metadata/opera_ms_dog_coassembly_manifest_from_excel.tsv	all_hybrid_from_excel	15	short_read_R1	DMD_B_PF1_221126	DMD_B_PF1_221126_trimmed_host_removed_R1.fq.gz		previously_uploaded	Illumina	DMD_B_PF1_221126_ILLUMINA_WGS	PAIRED	WGS	short_read	DMD_short_read	DMD short read used coded sample ID from FASTQ filename
DOGMAG_ASM031	DOGMAG_ASM031.fasta	42	hybrid_long_short_read	OPERA-MS	metadata/opera_ms_dog_coassembly_manifest_from_excel.tsv	all_hybrid_from_excel	16	short_read_R1	DMD_B_PF1_230102	DMD_B_PF1_230102_trimmed_host_removed_R1.fq.gz		previously_uploaded	Illumina	DMD_B_PF1_230102_ILLUMINA_WGS	PAIRED	WGS	short_read	DMD_short_read	DMD short read used coded sample ID from FASTQ filename
DOGMAG_ASM031	DOGMAG_ASM031.fasta	42	hybrid_long_short_read	OPERA-MS	metadata/opera_ms_dog_coassembly_manifest_from_excel.tsv	all_hybrid_from_excel	17	short_read_R1	DMD_B_PF1_230114	DMD_B_PF1_230114_trimmed_host_removed_R1.fq.gz		previously_uploaded	Illumina	DMD_B_PF1_230114_ILLUMINA_WGS	PAIRED	WGS	short_read	DMD_short_read	DMD short read used coded sample ID from FASTQ filename
DOGMAG_ASM031	DOGMAG_ASM031.fasta	42	hybrid_long_short_read	OPERA-MS	metadata/opera_ms_dog_coassembly_manifest_from_excel.tsv	all_hybrid_from_excel	18	short_read_R1	DMD_B_PF1_230126	DMD_B_PF1_230126_trimmed_host_removed_R1.fq.gz		previously_uploaded	Illumina	DMD_B_PF1_230126_ILLUMINA_WGS	PAIRED	WGS	short_read	DMD_short_read	DMD short read used coded sample ID from FASTQ filename
DOGMAG_ASM031	DOGMAG_ASM031.fasta	42	hybrid_long_short_read	OPERA-MS	metadata/opera_ms_dog_coassembly_manifest_from_excel.tsv	all_hybrid_from_excel	19	short_read_R1	DMD_B_PF1_230128	DMD_B_PF1_230128_trimmed_host_removed_R1.fq.gz		previously_uploaded	Illumina	DMD_B_PF1_230128_ILLUMINA_WGS	PAIRED	WGS	short_read	DMD_short_read	DMD short read used coded sample ID from FASTQ filename
DOGMAG_ASM031	DOGMAG_ASM031.fasta	42	hybrid_long_short_read	OPERA-MS	metadata/opera_ms_dog_coassembly_manifest_from_excel.tsv	all_hybrid_from_excel	20	short_read_R1	DMD_B_PF1_230210	DMD_B_PF1_230210_trimmed_host_removed_R1.fq.gz		previously_uploaded	Illumina	DMD_B_PF1_230210_ILLUMINA_WGS	PAIRED	WGS	short_read	DMD_short_read	DMD short read used coded sample ID from FASTQ filename
DOGMAG_ASM031	DOGMAG_ASM031.fasta	42	hybrid_long_short_read	OPERA-MS	metadata/opera_ms_dog_coassembly_manifest_from_excel.tsv	all_hybrid_from_excel	21	short_read_R2	DMD_B_PF1_201209	DMD_B_PF1_201209_trimmed_host_removed_R2.fq.gz		previously_uploaded	Illumina	DMD_B_PF1_201209_ILLUMINA_WGS	PAIRED	WGS	short_read	DMD_short_read	DMD short read used coded sample ID from FASTQ filename
DOGMAG_ASM031	DOGMAG_ASM031.fasta	42	hybrid_long_short_read	OPERA-MS	metadata/opera_ms_dog_coassembly_manifest_from_excel.tsv	all_hybrid_from_excel	22	short_read_R2	DMD_B_PF1_201216	DMD_B_PF1_201216_trimmed_host_removed_R2.fq.gz		previously_uploaded	Illumina	DMD_B_PF1_201216_ILLUMINA_WGS	PAIRED	WGS	short_read	DMD_short_read	DMD short read used coded sample ID from FASTQ filename
DOGMAG_ASM031	DOGMAG_ASM031.fasta	42	hybrid_long_short_read	OPERA-MS	metadata/opera_ms_dog_coassembly_manifest_from_excel.tsv	all_hybrid_from_excel	23	short_read_R2	DMD_B_PF1_201219	DMD_B_PF1_201219_trimmed_host_removed_R2.fq.gz		previously_uploaded	Illumina	DMD_B_PF1_201219_ILLUMINA_WGS	PAIRED	WGS	short_read	DMD_short_read	DMD short read used coded sample ID from FASTQ filename
DOGMAG_ASM031	DOGMAG_ASM031.fasta	42	hybrid_long_short_read	OPERA-MS	metadata/opera_ms_dog_coassembly_manifest_from_excel.tsv	all_hybrid_from_excel	24	short_read_R2	DMD_B_PF1_201226	DMD_B_PF1_201226_trimmed_host_removed_R2.fq.gz		previously_uploaded	Illumina	DMD_B_PF1_201226_ILLUMINA_WGS	PAIRED	WGS	short_read	DMD_short_read	DMD short read used coded sample ID from FASTQ filename
DOGMAG_ASM031	DOGMAG_ASM031.fasta	42	hybrid_long_short_read	OPERA-MS	metadata/opera_ms_dog_coassembly_manifest_from_excel.tsv	all_hybrid_from_excel	25	short_read_R2	DMD_B_PF1_201227	DMD_B_PF1_201227_trimmed_host_removed_R2.fq.gz		previously_uploaded	Illumina	DMD_B_PF1_201227_ILLUMINA_WGS	PAIRED	WGS	short_read	DMD_short_read	DMD short read used coded sample ID from FASTQ filename
DOGMAG_ASM031	DOGMAG_ASM031.fasta	42	hybrid_long_short_read	OPERA-MS	metadata/opera_ms_dog_coassembly_manifest_from_excel.tsv	all_hybrid_from_excel	26	short_read_R2	DMD_B_PF1_210509	DMD_B_PF1_210509_trimmed_host_removed_R2.fq.gz		previously_uploaded	Illumina	DMD_B_PF1_210509_ILLUMINA_WGS	PAIRED	WGS	short_read	DMD_short_read	DMD short read used coded sample ID from FASTQ filename
DOGMAG_ASM031	DOGMAG_ASM031.fasta	42	hybrid_long_short_read	OPERA-MS	metadata/opera_ms_dog_coassembly_manifest_from_excel.tsv	all_hybrid_from_excel	27	short_read_R2	DMD_B_PF1_211222	DMD_B_PF1_211222_trimmed_host_removed_R2.fq.gz		previously_uploaded	Illumina	DMD_B_PF1_211222_ILLUMINA_WGS	PAIRED	WGS	short_read	DMD_short_read	DMD short read used coded sample ID from FASTQ filename
DOGMAG_ASM031	DOGMAG_ASM031.fasta	42	hybrid_long_short_read	OPERA-MS	metadata/opera_ms_dog_coassembly_manifest_from_excel.tsv	all_hybrid_from_excel	28	short_read_R2	DMD_B_PF1_211227	DMD_B_PF1_211227_trimmed_host_removed_R2.fq.gz		previously_uploaded	Illumina	DMD_B_PF1_211227_ILLUMINA_WGS	PAIRED	WGS	short_read	DMD_short_read	DMD short read used coded sample ID from FASTQ filename
DOGMAG_ASM031	DOGMAG_ASM031.fasta	42	hybrid_long_short_read	OPERA-MS	metadata/opera_ms_dog_coassembly_manifest_from_excel.tsv	all_hybrid_from_excel	29	short_read_R2	DMD_B_PF1_220101	DMD_B_PF1_220101_trimmed_host_removed_R2.fq.gz		previously_uploaded	Illumina	DMD_B_PF1_220101_ILLUMINA_WGS	PAIRED	WGS	short_read	DMD_short_read	DMD short read used coded sample ID from FASTQ filename
DOGMAG_ASM031	DOGMAG_ASM031.fasta	42	hybrid_long_short_read	OPERA-MS	metadata/opera_ms_dog_coassembly_manifest_from_excel.tsv	all_hybrid_from_excel	30	short_read_R2	DMD_B_PF1_220117	DMD_B_PF1_220117_trimmed_host_removed_R2.fq.gz		previously_uploaded	Illumina	DMD_B_PF1_220117_ILLUMINA_WGS	PAIRED	WGS	short_read	DMD_short_read	DMD short read used coded sample ID from FASTQ filename
DOGMAG_ASM031	DOGMAG_ASM031.fasta	42	hybrid_long_short_read	OPERA-MS	metadata/opera_ms_dog_coassembly_manifest_from_excel.tsv	all_hybrid_from_excel	31	short_read_R2	DMD_B_PF1_220204	DMD_B_PF1_220204_trimmed_host_removed_R2.fq.gz		previously_uploaded	Illumina	DMD_B_PF1_220204_ILLUMINA_WGS	PAIRED	WGS	short_read	DMD_short_read	DMD short read used coded sample ID from FASTQ filename
DOGMAG_ASM031	DOGMAG_ASM031.fasta	42	hybrid_long_short_read	OPERA-MS	metadata/opera_ms_dog_coassembly_manifest_from_excel.tsv	all_hybrid_from_excel	32	short_read_R2	DMD_B_PF1_221126	DMD_B_PF1_221126_trimmed_host_removed_R2.fq.gz		previously_uploaded	Illumina	DMD_B_PF1_221126_ILLUMINA_WGS	PAIRED	WGS	short_read	DMD_short_read	DMD short read used coded sample ID from FASTQ filename
DOGMAG_ASM031	DOGMAG_ASM031.fasta	42	hybrid_long_short_read	OPERA-MS	metadata/opera_ms_dog_coassembly_manifest_from_excel.tsv	all_hybrid_from_excel	33	short_read_R2	DMD_B_PF1_230102	DMD_B_PF1_230102_trimmed_host_removed_R2.fq.gz		previously_uploaded	Illumina	DMD_B_PF1_230102_ILLUMINA_WGS	PAIRED	WGS	short_read	DMD_short_read	DMD short read used coded sample ID from FASTQ filename
DOGMAG_ASM031	DOGMAG_ASM031.fasta	42	hybrid_long_short_read	OPERA-MS	metadata/opera_ms_dog_coassembly_manifest_from_excel.tsv	all_hybrid_from_excel	34	short_read_R2	DMD_B_PF1_230114	DMD_B_PF1_230114_trimmed_host_removed_R2.fq.gz		previously_uploaded	Illumina	DMD_B_PF1_230114_ILLUMINA_WGS	PAIRED	WGS	short_read	DMD_short_read	DMD short read used coded sample ID from FASTQ filename
DOGMAG_ASM031	DOGMAG_ASM031.fasta	42	hybrid_long_short_read	OPERA-MS	metadata/opera_ms_dog_coassembly_manifest_from_excel.tsv	all_hybrid_from_excel	35	short_read_R2	DMD_B_PF1_230126	DMD_B_PF1_230126_trimmed_host_removed_R2.fq.gz		previously_uploaded	Illumina	DMD_B_PF1_230126_ILLUMINA_WGS	PAIRED	WGS	short_read	DMD_short_read	DMD short read used coded sample ID from FASTQ filename
DOGMAG_ASM031	DOGMAG_ASM031.fasta	42	hybrid_long_short_read	OPERA-MS	metadata/opera_ms_dog_coassembly_manifest_from_excel.tsv	all_hybrid_from_excel	36	short_read_R2	DMD_B_PF1_230128	DMD_B_PF1_230128_trimmed_host_removed_R2.fq.gz		previously_uploaded	Illumina	DMD_B_PF1_230128_ILLUMINA_WGS	PAIRED	WGS	short_read	DMD_short_read	DMD short read used coded sample ID from FASTQ filename
DOGMAG_ASM031	DOGMAG_ASM031.fasta	42	hybrid_long_short_read	OPERA-MS	metadata/opera_ms_dog_coassembly_manifest_from_excel.tsv	all_hybrid_from_excel	37	short_read_R2	DMD_B_PF1_230210	DMD_B_PF1_230210_trimmed_host_removed_R2.fq.gz		previously_uploaded	Illumina	DMD_B_PF1_230210_ILLUMINA_WGS	PAIRED	WGS	short_read	DMD_short_read	DMD short read used coded sample ID from FASTQ filename
DOGMAG_ASM032	DOGMAG_ASM032.fasta	43	hybrid_long_short_read	OPERA-MS	metadata/opera_ms_dog_coassembly_manifest_from_excel.tsv	all_hybrid_from_excel	1	long_read	DMD_B_PM2	DMD_B_PM2_MN_BC07.fastq.gz	5963384186ffc823538cf9d01bf8bf65	PRJEB115259	MinION	DMD_B_PM2_MN_BC07_ONT_WGS	SINGLE	WGS	long_read	ENA_PRJEB115259_long_read	
DOGMAG_ASM032	DOGMAG_ASM032.fasta	43	hybrid_long_short_read	OPERA-MS	metadata/opera_ms_dog_coassembly_manifest_from_excel.tsv	all_hybrid_from_excel	2	long_read	DMD_B_PM2	DMD_B_PM2_Zymo_HMW_BC03.fastq.gz	2355242f861cac982d096d42f9b19d03	PRJEB115259	MinION	DMD_B_PM2_Zymo_HMW_BC03_ONT_WGS	SINGLE	WGS	long_read	ENA_PRJEB115259_long_read	
DOGMAG_ASM032	DOGMAG_ASM032.fasta	43	hybrid_long_short_read	OPERA-MS	metadata/opera_ms_dog_coassembly_manifest_from_excel.tsv	all_hybrid_from_excel	3	short_read_R1	DMD_B_PM2_201203	DMD_B_PM2_201203_trimmed_host_removed_R1.fq.gz		previously_uploaded	Illumina	DMD_B_PM2_201203_ILLUMINA_WGS	PAIRED	WGS	short_read	DMD_short_read	DMD short read used coded sample ID from FASTQ filename
DOGMAG_ASM032	DOGMAG_ASM032.fasta	43	hybrid_long_short_read	OPERA-MS	metadata/opera_ms_dog_coassembly_manifest_from_excel.tsv	all_hybrid_from_excel	4	short_read_R1	DMD_B_PM2_201209	DMD_B_PM2_201209_trimmed_host_removed_R1.fq.gz		previously_uploaded	Illumina	DMD_B_PM2_201209_ILLUMINA_WGS	PAIRED	WGS	short_read	DMD_short_read	DMD short read used coded sample ID from FASTQ filename
DOGMAG_ASM032	DOGMAG_ASM032.fasta	43	hybrid_long_short_read	OPERA-MS	metadata/opera_ms_dog_coassembly_manifest_from_excel.tsv	all_hybrid_from_excel	5	short_read_R1	DMD_B_PM2_201210	DMD_B_PM2_201210_trimmed_host_removed_R1.fq.gz		previously_uploaded	Illumina	DMD_B_PM2_201210_ILLUMINA_WGS	PAIRED	WGS	short_read	DMD_short_read	DMD short read used coded sample ID from FASTQ filename
DOGMAG_ASM032	DOGMAG_ASM032.fasta	43	hybrid_long_short_read	OPERA-MS	metadata/opera_ms_dog_coassembly_manifest_from_excel.tsv	all_hybrid_from_excel	6	short_read_R1	DMD_B_PM2_201212	DMD_B_PM2_201212_trimmed_host_removed_R1.fq.gz		previously_uploaded	Illumina	DMD_B_PM2_201212_ILLUMINA_WGS	PAIRED	WGS	short_read	DMD_short_read	DMD short read used coded sample ID from FASTQ filename
DOGMAG_ASM032	DOGMAG_ASM032.fasta	43	hybrid_long_short_read	OPERA-MS	metadata/opera_ms_dog_coassembly_manifest_from_excel.tsv	all_hybrid_from_excel	7	short_read_R1	DMD_B_PM2_201214	DMD_B_PM2_201214_trimmed_host_removed_R1.fq.gz		previously_uploaded	Illumina	DMD_B_PM2_201214_ILLUMINA_WGS	PAIRED	WGS	short_read	DMD_short_read	DMD short read used coded sample ID from FASTQ filename
DOGMAG_ASM032	DOGMAG_ASM032.fasta	43	hybrid_long_short_read	OPERA-MS	metadata/opera_ms_dog_coassembly_manifest_from_excel.tsv	all_hybrid_from_excel	8	short_read_R1	DMD_B_PM2_201219	DMD_B_PM2_201219_trimmed_host_removed_R1.fq.gz		previously_uploaded	Illumina	DMD_B_PM2_201219_ILLUMINA_WGS	PAIRED	WGS	short_read	DMD_short_read	DMD short read used coded sample ID from FASTQ filename
DOGMAG_ASM032	DOGMAG_ASM032.fasta	43	hybrid_long_short_read	OPERA-MS	metadata/opera_ms_dog_coassembly_manifest_from_excel.tsv	all_hybrid_from_excel	9	short_read_R1	DMD_B_PM2_201220	DMD_B_PM2_201220_trimmed_host_removed_R1.fq.gz		previously_uploaded	Illumina	DMD_B_PM2_201220_ILLUMINA_WGS	PAIRED	WGS	short_read	DMD_short_read	DMD short read used coded sample ID from FASTQ filename
DOGMAG_ASM032	DOGMAG_ASM032.fasta	43	hybrid_long_short_read	OPERA-MS	metadata/opera_ms_dog_coassembly_manifest_from_excel.tsv	all_hybrid_from_excel	10	short_read_R1	DMD_B_PM2_201226	DMD_B_PM2_201226_trimmed_host_removed_R1.fq.gz		previously_uploaded	Illumina	DMD_B_PM2_201226_ILLUMINA_WGS	PAIRED	WGS	short_read	DMD_short_read	DMD short read used coded sample ID from FASTQ filename
DOGMAG_ASM032	DOGMAG_ASM032.fasta	43	hybrid_long_short_read	OPERA-MS	metadata/opera_ms_dog_coassembly_manifest_from_excel.tsv	all_hybrid_from_excel	11	short_read_R1	DMD_B_PM2_201227	DMD_B_PM2_201227_trimmed_host_removed_R1.fq.gz		previously_uploaded	Illumina	DMD_B_PM2_201227_ILLUMINA_WGS	PAIRED	WGS	short_read	DMD_short_read	DMD short read used coded sample ID from FASTQ filename
DOGMAG_ASM032	DOGMAG_ASM032.fasta	43	hybrid_long_short_read	OPERA-MS	metadata/opera_ms_dog_coassembly_manifest_from_excel.tsv	all_hybrid_from_excel	12	short_read_R1	DMD_B_PM2_210504	DMD_B_PM2_210504_trimmed_host_removed_R1.fq.gz		previously_uploaded	Illumina	DMD_B_PM2_210504_ILLUMINA_WGS	PAIRED	WGS	short_read	DMD_short_read	DMD short read used coded sample ID from FASTQ filename
DOGMAG_ASM032	DOGMAG_ASM032.fasta	43	hybrid_long_short_read	OPERA-MS	metadata/opera_ms_dog_coassembly_manifest_from_excel.tsv	all_hybrid_from_excel	13	short_read_R2	DMD_B_PM2_201203	DMD_B_PM2_201203_trimmed_host_removed_R2.fq.gz		previously_uploaded	Illumina	DMD_B_PM2_201203_ILLUMINA_WGS	PAIRED	WGS	short_read	DMD_short_read	DMD short read used coded sample ID from FASTQ filename
DOGMAG_ASM032	DOGMAG_ASM032.fasta	43	hybrid_long_short_read	OPERA-MS	metadata/opera_ms_dog_coassembly_manifest_from_excel.tsv	all_hybrid_from_excel	14	short_read_R2	DMD_B_PM2_201209	DMD_B_PM2_201209_trimmed_host_removed_R2.fq.gz		previously_uploaded	Illumina	DMD_B_PM2_201209_ILLUMINA_WGS	PAIRED	WGS	short_read	DMD_short_read	DMD short read used coded sample ID from FASTQ filename
DOGMAG_ASM032	DOGMAG_ASM032.fasta	43	hybrid_long_short_read	OPERA-MS	metadata/opera_ms_dog_coassembly_manifest_from_excel.tsv	all_hybrid_from_excel	15	short_read_R2	DMD_B_PM2_201210	DMD_B_PM2_201210_trimmed_host_removed_R2.fq.gz		previously_uploaded	Illumina	DMD_B_PM2_201210_ILLUMINA_WGS	PAIRED	WGS	short_read	DMD_short_read	DMD short read used coded sample ID from FASTQ filename
DOGMAG_ASM032	DOGMAG_ASM032.fasta	43	hybrid_long_short_read	OPERA-MS	metadata/opera_ms_dog_coassembly_manifest_from_excel.tsv	all_hybrid_from_excel	16	short_read_R2	DMD_B_PM2_201212	DMD_B_PM2_201212_trimmed_host_removed_R2.fq.gz		previously_uploaded	Illumina	DMD_B_PM2_201212_ILLUMINA_WGS	PAIRED	WGS	short_read	DMD_short_read	DMD short read used coded sample ID from FASTQ filename
DOGMAG_ASM032	DOGMAG_ASM032.fasta	43	hybrid_long_short_read	OPERA-MS	metadata/opera_ms_dog_coassembly_manifest_from_excel.tsv	all_hybrid_from_excel	17	short_read_R2	DMD_B_PM2_201214	DMD_B_PM2_201214_trimmed_host_removed_R2.fq.gz		previously_uploaded	Illumina	DMD_B_PM2_201214_ILLUMINA_WGS	PAIRED	WGS	short_read	DMD_short_read	DMD short read used coded sample ID from FASTQ filename
DOGMAG_ASM032	DOGMAG_ASM032.fasta	43	hybrid_long_short_read	OPERA-MS	metadata/opera_ms_dog_coassembly_manifest_from_excel.tsv	all_hybrid_from_excel	18	short_read_R2	DMD_B_PM2_201219	DMD_B_PM2_201219_trimmed_host_removed_R2.fq.gz		previously_uploaded	Illumina	DMD_B_PM2_201219_ILLUMINA_WGS	PAIRED	WGS	short_read	DMD_short_read	DMD short read used coded sample ID from FASTQ filename
DOGMAG_ASM032	DOGMAG_ASM032.fasta	43	hybrid_long_short_read	OPERA-MS	metadata/opera_ms_dog_coassembly_manifest_from_excel.tsv	all_hybrid_from_excel	19	short_read_R2	DMD_B_PM2_201220	DMD_B_PM2_201220_trimmed_host_removed_R2.fq.gz		previously_uploaded	Illumina	DMD_B_PM2_201220_ILLUMINA_WGS	PAIRED	WGS	short_read	DMD_short_read	DMD short read used coded sample ID from FASTQ filename
DOGMAG_ASM032	DOGMAG_ASM032.fasta	43	hybrid_long_short_read	OPERA-MS	metadata/opera_ms_dog_coassembly_manifest_from_excel.tsv	all_hybrid_from_excel	20	short_read_R2	DMD_B_PM2_201226	DMD_B_PM2_201226_trimmed_host_removed_R2.fq.gz		previously_uploaded	Illumina	DMD_B_PM2_201226_ILLUMINA_WGS	PAIRED	WGS	short_read	DMD_short_read	DMD short read used coded sample ID from FASTQ filename
DOGMAG_ASM032	DOGMAG_ASM032.fasta	43	hybrid_long_short_read	OPERA-MS	metadata/opera_ms_dog_coassembly_manifest_from_excel.tsv	all_hybrid_from_excel	21	short_read_R2	DMD_B_PM2_201227	DMD_B_PM2_201227_trimmed_host_removed_R2.fq.gz		previously_uploaded	Illumina	DMD_B_PM2_201227_ILLUMINA_WGS	PAIRED	WGS	short_read	DMD_short_read	DMD short read used coded sample ID from FASTQ filename
DOGMAG_ASM032	DOGMAG_ASM032.fasta	43	hybrid_long_short_read	OPERA-MS	metadata/opera_ms_dog_coassembly_manifest_from_excel.tsv	all_hybrid_from_excel	22	short_read_R2	DMD_B_PM2_210504	DMD_B_PM2_210504_trimmed_host_removed_R2.fq.gz		previously_uploaded	Illumina	DMD_B_PM2_210504_ILLUMINA_WGS	PAIRED	WGS	short_read	DMD_short_read	DMD short read used coded sample ID from FASTQ filename
DOGMAG_ASM033	DOGMAG_ASM033.fasta	44	hybrid_long_short_read	OPERA-MS	metadata/opera_ms_dog_coassembly_manifest_from_excel.tsv	all_hybrid_from_excel	1	long_read	DMD_C_PM1_220303	DMD_C_PM1_220303.fastq.gz	4c328be3cb7e96519aadbf0a8cb512a0	PRJEB115259	PromethION	DMD_C_PM1_220303_ONT_WGS	SINGLE	WGS	long_read	mixed_kennel_ONT_WGS	Mixed-kennel read renamed to public sample identifier
DOGMAG_ASM033	DOGMAG_ASM033.fasta	44	hybrid_long_short_read	OPERA-MS	metadata/opera_ms_dog_coassembly_manifest_from_excel.tsv	all_hybrid_from_excel	2	long_read	DMD_C_PM1_221222	DMD_C_PM1_221222.fastq.gz	5f7037ebe4f3e5c43ce6a071b74aa92d	PRJEB115259	PromethION	DMD_C_PM1_221222_ONT_WGS	SINGLE	WGS	long_read	mixed_kennel_ONT_WGS	Mixed-kennel read renamed to public sample identifier
DOGMAG_ASM033	DOGMAG_ASM033.fasta	44	hybrid_long_short_read	OPERA-MS	metadata/opera_ms_dog_coassembly_manifest_from_excel.tsv	all_hybrid_from_excel	3	short_read_R1	DMD_C_PM1F_220108	DMD_C_PM1F_220108_trimmed_host_removed_R1.fq.gz		previously_uploaded	Illumina	DMD_C_PM1F_220108_ILLUMINA_WGS	PAIRED	WGS	short_read	DMD_short_read	DMD short read used coded sample ID from FASTQ filename
DOGMAG_ASM033	DOGMAG_ASM033.fasta	44	hybrid_long_short_read	OPERA-MS	metadata/opera_ms_dog_coassembly_manifest_from_excel.tsv	all_hybrid_from_excel	4	short_read_R1	DMD_C_PM1F_220111	DMD_C_PM1F_220111_trimmed_host_removed_R1.fq.gz		previously_uploaded	Illumina	DMD_C_PM1F_220111_ILLUMINA_WGS	PAIRED	WGS	short_read	DMD_short_read	DMD short read used coded sample ID from FASTQ filename
DOGMAG_ASM033	DOGMAG_ASM033.fasta	44	hybrid_long_short_read	OPERA-MS	metadata/opera_ms_dog_coassembly_manifest_from_excel.tsv	all_hybrid_from_excel	5	short_read_R1	DMD_C_PM1H_220108	DMD_C_PM1H_220108_trimmed_host_removed_R1.fq.gz		previously_uploaded	Illumina	DMD_C_PM1H_220108_ILLUMINA_WGS	PAIRED	WGS	short_read	DMD_short_read	DMD short read used coded sample ID from FASTQ filename
DOGMAG_ASM033	DOGMAG_ASM033.fasta	44	hybrid_long_short_read	OPERA-MS	metadata/opera_ms_dog_coassembly_manifest_from_excel.tsv	all_hybrid_from_excel	6	short_read_R1	DMD_C_PM1H_220111	DMD_C_PM1H_220111_trimmed_host_removed_R1.fq.gz		previously_uploaded	Illumina	DMD_C_PM1H_220111_ILLUMINA_WGS	PAIRED	WGS	short_read	DMD_short_read	DMD short read used coded sample ID from FASTQ filename
DOGMAG_ASM033	DOGMAG_ASM033.fasta	44	hybrid_long_short_read	OPERA-MS	metadata/opera_ms_dog_coassembly_manifest_from_excel.tsv	all_hybrid_from_excel	7	short_read_R1	DMD_C_PM1_220121	DMD_C_PM1_220121_trimmed_host_removed_R1.fq.gz		previously_uploaded	Illumina	DMD_C_PM1_220121_ILLUMINA_WGS	PAIRED	WGS	short_read	DMD_short_read	DMD short read used coded sample ID from FASTQ filename
DOGMAG_ASM033	DOGMAG_ASM033.fasta	44	hybrid_long_short_read	OPERA-MS	metadata/opera_ms_dog_coassembly_manifest_from_excel.tsv	all_hybrid_from_excel	8	short_read_R1	DMD_C_PM1_220125	DMD_C_PM1_220125_trimmed_host_removed_R1.fq.gz		previously_uploaded	Illumina	DMD_C_PM1_220125_ILLUMINA_WGS	PAIRED	WGS	short_read	DMD_short_read	DMD short read used coded sample ID from FASTQ filename
DOGMAG_ASM033	DOGMAG_ASM033.fasta	44	hybrid_long_short_read	OPERA-MS	metadata/opera_ms_dog_coassembly_manifest_from_excel.tsv	all_hybrid_from_excel	9	short_read_R1	DMD_C_PM1_220126	DMD_C_PM1_220126_trimmed_host_removed_R1.fq.gz		previously_uploaded	Illumina	DMD_C_PM1_220126_ILLUMINA_WGS	PAIRED	WGS	short_read	DMD_short_read	DMD short read used coded sample ID from FASTQ filename
DOGMAG_ASM033	DOGMAG_ASM033.fasta	44	hybrid_long_short_read	OPERA-MS	metadata/opera_ms_dog_coassembly_manifest_from_excel.tsv	all_hybrid_from_excel	10	short_read_R1	DMD_C_PM1_220201	DMD_C_PM1_220201_trimmed_host_removed_R1.fq.gz		previously_uploaded	Illumina	DMD_C_PM1_220201_ILLUMINA_WGS	PAIRED	WGS	short_read	DMD_short_read	DMD short read used coded sample ID from FASTQ filename
DOGMAG_ASM033	DOGMAG_ASM033.fasta	44	hybrid_long_short_read	OPERA-MS	metadata/opera_ms_dog_coassembly_manifest_from_excel.tsv	all_hybrid_from_excel	11	short_read_R2	DMD_C_PM1F_220108	DMD_C_PM1F_220108_trimmed_host_removed_R2.fq.gz		previously_uploaded	Illumina	DMD_C_PM1F_220108_ILLUMINA_WGS	PAIRED	WGS	short_read	DMD_short_read	DMD short read used coded sample ID from FASTQ filename
DOGMAG_ASM033	DOGMAG_ASM033.fasta	44	hybrid_long_short_read	OPERA-MS	metadata/opera_ms_dog_coassembly_manifest_from_excel.tsv	all_hybrid_from_excel	12	short_read_R2	DMD_C_PM1F_220111	DMD_C_PM1F_220111_trimmed_host_removed_R2.fq.gz		previously_uploaded	Illumina	DMD_C_PM1F_220111_ILLUMINA_WGS	PAIRED	WGS	short_read	DMD_short_read	DMD short read used coded sample ID from FASTQ filename
DOGMAG_ASM033	DOGMAG_ASM033.fasta	44	hybrid_long_short_read	OPERA-MS	metadata/opera_ms_dog_coassembly_manifest_from_excel.tsv	all_hybrid_from_excel	13	short_read_R2	DMD_C_PM1H_220108	DMD_C_PM1H_220108_trimmed_host_removed_R2.fq.gz		previously_uploaded	Illumina	DMD_C_PM1H_220108_ILLUMINA_WGS	PAIRED	WGS	short_read	DMD_short_read	DMD short read used coded sample ID from FASTQ filename
DOGMAG_ASM033	DOGMAG_ASM033.fasta	44	hybrid_long_short_read	OPERA-MS	metadata/opera_ms_dog_coassembly_manifest_from_excel.tsv	all_hybrid_from_excel	14	short_read_R2	DMD_C_PM1H_220111	DMD_C_PM1H_220111_trimmed_host_removed_R2.fq.gz		previously_uploaded	Illumina	DMD_C_PM1H_220111_ILLUMINA_WGS	PAIRED	WGS	short_read	DMD_short_read	DMD short read used coded sample ID from FASTQ filename
DOGMAG_ASM033	DOGMAG_ASM033.fasta	44	hybrid_long_short_read	OPERA-MS	metadata/opera_ms_dog_coassembly_manifest_from_excel.tsv	all_hybrid_from_excel	15	short_read_R2	DMD_C_PM1_220121	DMD_C_PM1_220121_trimmed_host_removed_R2.fq.gz		previously_uploaded	Illumina	DMD_C_PM1_220121_ILLUMINA_WGS	PAIRED	WGS	short_read	DMD_short_read	DMD short read used coded sample ID from FASTQ filename
DOGMAG_ASM033	DOGMAG_ASM033.fasta	44	hybrid_long_short_read	OPERA-MS	metadata/opera_ms_dog_coassembly_manifest_from_excel.tsv	all_hybrid_from_excel	16	short_read_R2	DMD_C_PM1_220125	DMD_C_PM1_220125_trimmed_host_removed_R2.fq.gz		previously_uploaded	Illumina	DMD_C_PM1_220125_ILLUMINA_WGS	PAIRED	WGS	short_read	DMD_short_read	DMD short read used coded sample ID from FASTQ filename
DOGMAG_ASM033	DOGMAG_ASM033.fasta	44	hybrid_long_short_read	OPERA-MS	metadata/opera_ms_dog_coassembly_manifest_from_excel.tsv	all_hybrid_from_excel	17	short_read_R2	DMD_C_PM1_220126	DMD_C_PM1_220126_trimmed_host_removed_R2.fq.gz		previously_uploaded	Illumina	DMD_C_PM1_220126_ILLUMINA_WGS	PAIRED	WGS	short_read	DMD_short_read	DMD short read used coded sample ID from FASTQ filename
DOGMAG_ASM033	DOGMAG_ASM033.fasta	44	hybrid_long_short_read	OPERA-MS	metadata/opera_ms_dog_coassembly_manifest_from_excel.tsv	all_hybrid_from_excel	18	short_read_R2	DMD_C_PM1_220201	DMD_C_PM1_220201_trimmed_host_removed_R2.fq.gz		previously_uploaded	Illumina	DMD_C_PM1_220201_ILLUMINA_WGS	PAIRED	WGS	short_read	DMD_short_read	DMD short read used coded sample ID from FASTQ filename
DOGMAG_ASM034	DOGMAG_ASM034.fasta	45	hybrid_long_short_read	OPERA-MS	metadata/opera_ms_dog_coassembly_manifest_from_excel.tsv	all_hybrid_from_excel	1	long_read	DMD_C_PM2_220303	DMD_C_PM2_220303.fastq.gz	ebe656bf3d4c347109bc2df3e0cae626	PRJEB115259	PromethION	DMD_C_PM2_220303_ONT_WGS	SINGLE	WGS	long_read	mixed_kennel_ONT_WGS	Mixed-kennel read renamed to public sample identifier
DOGMAG_ASM034	DOGMAG_ASM034.fasta	45	hybrid_long_short_read	OPERA-MS	metadata/opera_ms_dog_coassembly_manifest_from_excel.tsv	all_hybrid_from_excel	2	long_read	DMD_C_PM2_220630	DMD_C_PM2_220630.fastq.gz	4eab7f525c0f132780acf731093cfd40	PRJEB115259	PromethION	DMD_C_PM2_220630_ONT_WGS	SINGLE	WGS	long_read	mixed_kennel_ONT_WGS	Mixed-kennel read renamed to public sample identifier
DOGMAG_ASM034	DOGMAG_ASM034.fasta	45	hybrid_long_short_read	OPERA-MS	metadata/opera_ms_dog_coassembly_manifest_from_excel.tsv	all_hybrid_from_excel	3	short_read_R1	DMD_C_PM2_220110	DMD_C_PM2_220110_trimmed_host_removed_R1.fq.gz		previously_uploaded	Illumina	DMD_C_PM2_220110_ILLUMINA_WGS	PAIRED	WGS	short_read	DMD_short_read	DMD short read used coded sample ID from FASTQ filename
DOGMAG_ASM034	DOGMAG_ASM034.fasta	45	hybrid_long_short_read	OPERA-MS	metadata/opera_ms_dog_coassembly_manifest_from_excel.tsv	all_hybrid_from_excel	4	short_read_R1	DMD_C_PM2_220115	DMD_C_PM2_220115_trimmed_host_removed_R1.fq.gz		previously_uploaded	Illumina	DMD_C_PM2_220115_ILLUMINA_WGS	PAIRED	WGS	short_read	DMD_short_read	DMD short read used coded sample ID from FASTQ filename
DOGMAG_ASM034	DOGMAG_ASM034.fasta	45	hybrid_long_short_read	OPERA-MS	metadata/opera_ms_dog_coassembly_manifest_from_excel.tsv	all_hybrid_from_excel	5	short_read_R1	DMD_C_PM2_220121	DMD_C_PM2_220121_trimmed_host_removed_R1.fq.gz		previously_uploaded	Illumina	DMD_C_PM2_220121_ILLUMINA_WGS	PAIRED	WGS	short_read	DMD_short_read	DMD short read used coded sample ID from FASTQ filename
DOGMAG_ASM034	DOGMAG_ASM034.fasta	45	hybrid_long_short_read	OPERA-MS	metadata/opera_ms_dog_coassembly_manifest_from_excel.tsv	all_hybrid_from_excel	6	short_read_R1	DMD_C_PM2_220122	DMD_C_PM2_220122_trimmed_host_removed_R1.fq.gz		previously_uploaded	Illumina	DMD_C_PM2_220122_ILLUMINA_WGS	PAIRED	WGS	short_read	DMD_short_read	DMD short read used coded sample ID from FASTQ filename
DOGMAG_ASM034	DOGMAG_ASM034.fasta	45	hybrid_long_short_read	OPERA-MS	metadata/opera_ms_dog_coassembly_manifest_from_excel.tsv	all_hybrid_from_excel	7	short_read_R1	DMD_C_PM2_220126	DMD_C_PM2_220126_trimmed_host_removed_R1.fq.gz		previously_uploaded	Illumina	DMD_C_PM2_220126_ILLUMINA_WGS	PAIRED	WGS	short_read	DMD_short_read	DMD short read used coded sample ID from FASTQ filename
DOGMAG_ASM034	DOGMAG_ASM034.fasta	45	hybrid_long_short_read	OPERA-MS	metadata/opera_ms_dog_coassembly_manifest_from_excel.tsv	all_hybrid_from_excel	8	short_read_R1	DMD_C_PM2_220201	DMD_C_PM2_220201_trimmed_host_removed_R1.fq.gz		previously_uploaded	Illumina	DMD_C_PM2_220201_ILLUMINA_WGS	PAIRED	WGS	short_read	DMD_short_read	DMD short read used coded sample ID from FASTQ filename
DOGMAG_ASM034	DOGMAG_ASM034.fasta	45	hybrid_long_short_read	OPERA-MS	metadata/opera_ms_dog_coassembly_manifest_from_excel.tsv	all_hybrid_from_excel	9	short_read_R2	DMD_C_PM2_220110	DMD_C_PM2_220110_trimmed_host_removed_R2.fq.gz		previously_uploaded	Illumina	DMD_C_PM2_220110_ILLUMINA_WGS	PAIRED	WGS	short_read	DMD_short_read	DMD short read used coded sample ID from FASTQ filename
DOGMAG_ASM034	DOGMAG_ASM034.fasta	45	hybrid_long_short_read	OPERA-MS	metadata/opera_ms_dog_coassembly_manifest_from_excel.tsv	all_hybrid_from_excel	10	short_read_R2	DMD_C_PM2_220115	DMD_C_PM2_220115_trimmed_host_removed_R2.fq.gz		previously_uploaded	Illumina	DMD_C_PM2_220115_ILLUMINA_WGS	PAIRED	WGS	short_read	DMD_short_read	DMD short read used coded sample ID from FASTQ filename
DOGMAG_ASM034	DOGMAG_ASM034.fasta	45	hybrid_long_short_read	OPERA-MS	metadata/opera_ms_dog_coassembly_manifest_from_excel.tsv	all_hybrid_from_excel	11	short_read_R2	DMD_C_PM2_220121	DMD_C_PM2_220121_trimmed_host_removed_R2.fq.gz		previously_uploaded	Illumina	DMD_C_PM2_220121_ILLUMINA_WGS	PAIRED	WGS	short_read	DMD_short_read	DMD short read used coded sample ID from FASTQ filename
DOGMAG_ASM034	DOGMAG_ASM034.fasta	45	hybrid_long_short_read	OPERA-MS	metadata/opera_ms_dog_coassembly_manifest_from_excel.tsv	all_hybrid_from_excel	12	short_read_R2	DMD_C_PM2_220122	DMD_C_PM2_220122_trimmed_host_removed_R2.fq.gz		previously_uploaded	Illumina	DMD_C_PM2_220122_ILLUMINA_WGS	PAIRED	WGS	short_read	DMD_short_read	DMD short read used coded sample ID from FASTQ filename
DOGMAG_ASM034	DOGMAG_ASM034.fasta	45	hybrid_long_short_read	OPERA-MS	metadata/opera_ms_dog_coassembly_manifest_from_excel.tsv	all_hybrid_from_excel	13	short_read_R2	DMD_C_PM2_220126	DMD_C_PM2_220126_trimmed_host_removed_R2.fq.gz		previously_uploaded	Illumina	DMD_C_PM2_220126_ILLUMINA_WGS	PAIRED	WGS	short_read	DMD_short_read	DMD short read used coded sample ID from FASTQ filename
DOGMAG_ASM034	DOGMAG_ASM034.fasta	45	hybrid_long_short_read	OPERA-MS	metadata/opera_ms_dog_coassembly_manifest_from_excel.tsv	all_hybrid_from_excel	14	short_read_R2	DMD_C_PM2_220201	DMD_C_PM2_220201_trimmed_host_removed_R2.fq.gz		previously_uploaded	Illumina	DMD_C_PM2_220201_ILLUMINA_WGS	PAIRED	WGS	short_read	DMD_short_read	DMD short read used coded sample ID from FASTQ filename
DOGMAG_ASM035	DOGMAG_ASM035.fasta	46	hybrid_long_short_read	OPERA-MS	metadata/opera_ms_dog_coassembly_manifest_from_excel.tsv	all_hybrid_from_excel	1	long_read	LPL_P_PM1_230622	LPL_P_PM1_230622.fastq.gz	22d5c63f93e65e98978935637978f528	PRJEB115259	PromethION	LPL_P_PM1_230622_ONT_WGS	SINGLE	WGS	long_read	mixed_kennel_ONT_WGS	Mixed-kennel read renamed to public sample identifier
DOGMAG_ASM035	DOGMAG_ASM035.fasta	46	hybrid_long_short_read	OPERA-MS	metadata/opera_ms_dog_coassembly_manifest_from_excel.tsv	all_hybrid_from_excel	2	long_read	LPL_P_PM1_230813	LPL_P_PM1_230813.fastq.gz	701102834358e141a343fe5ea6123c42	PRJEB115259	PromethION	LPL_P_PM1_230813_ONT_WGS	SINGLE	WGS	long_read	mixed_kennel_ONT_WGS	Mixed-kennel read renamed to public sample identifier
DOGMAG_ASM035	DOGMAG_ASM035.fasta	46	hybrid_long_short_read	OPERA-MS	metadata/opera_ms_dog_coassembly_manifest_from_excel.tsv	all_hybrid_from_excel	3	short_read_R1	DMD_D_PM4_230128	DMD_D_PM4_230128_trimmed_host_removed_R1.fq.gz		previously_uploaded	Illumina	DMD_D_PM4_230128_ILLUMINA_WGS	PAIRED	WGS	short_read	DMD_short_read	DMD short read used coded sample ID from FASTQ filename
DOGMAG_ASM035	DOGMAG_ASM035.fasta	46	hybrid_long_short_read	OPERA-MS	metadata/opera_ms_dog_coassembly_manifest_from_excel.tsv	all_hybrid_from_excel	4	short_read_R1	DMD_D_PM4_230225	DMD_D_PM4_230225_trimmed_host_removed_R1.fq.gz		previously_uploaded	Illumina	DMD_D_PM4_230225_ILLUMINA_WGS	PAIRED	WGS	short_read	DMD_short_read	DMD short read used coded sample ID from FASTQ filename
DOGMAG_ASM035	DOGMAG_ASM035.fasta	46	hybrid_long_short_read	OPERA-MS	metadata/opera_ms_dog_coassembly_manifest_from_excel.tsv	all_hybrid_from_excel	5	short_read_R1	DMD_D_PM4_230226	DMD_D_PM4_230226_trimmed_host_removed_R1.fq.gz		previously_uploaded	Illumina	DMD_D_PM4_230226_ILLUMINA_WGS	PAIRED	WGS	short_read	DMD_short_read	DMD short read used coded sample ID from FASTQ filename
DOGMAG_ASM035	DOGMAG_ASM035.fasta	46	hybrid_long_short_read	OPERA-MS	metadata/opera_ms_dog_coassembly_manifest_from_excel.tsv	all_hybrid_from_excel	6	short_read_R1	DMD_D_PM4_230301	DMD_D_PM4_230301_trimmed_host_removed_R1.fq.gz		previously_uploaded	Illumina	DMD_D_PM4_230301_ILLUMINA_WGS	PAIRED	WGS	short_read	DMD_short_read	DMD short read used coded sample ID from FASTQ filename
DOGMAG_ASM035	DOGMAG_ASM035.fasta	46	hybrid_long_short_read	OPERA-MS	metadata/opera_ms_dog_coassembly_manifest_from_excel.tsv	all_hybrid_from_excel	7	short_read_R1	DMD_D_PM4_230311	DMD_D_PM4_230311_trimmed_host_removed_R1.fq.gz		previously_uploaded	Illumina	DMD_D_PM4_230311_ILLUMINA_WGS	PAIRED	WGS	short_read	DMD_short_read	DMD short read used coded sample ID from FASTQ filename
DOGMAG_ASM035	DOGMAG_ASM035.fasta	46	hybrid_long_short_read	OPERA-MS	metadata/opera_ms_dog_coassembly_manifest_from_excel.tsv	all_hybrid_from_excel	8	short_read_R1	DMD_D_PM4_230320	DMD_D_PM4_230320_trimmed_host_removed_R1.fq.gz		previously_uploaded	Illumina	DMD_D_PM4_230320_ILLUMINA_WGS	PAIRED	WGS	short_read	DMD_short_read	DMD short read used coded sample ID from FASTQ filename
DOGMAG_ASM035	DOGMAG_ASM035.fasta	46	hybrid_long_short_read	OPERA-MS	metadata/opera_ms_dog_coassembly_manifest_from_excel.tsv	all_hybrid_from_excel	9	short_read_R1	DMD_D_PM4_230330	DMD_D_PM4_230330_trimmed_host_removed_R1.fq.gz		previously_uploaded	Illumina	DMD_D_PM4_230330_ILLUMINA_WGS	PAIRED	WGS	short_read	DMD_short_read	DMD short read used coded sample ID from FASTQ filename
DOGMAG_ASM035	DOGMAG_ASM035.fasta	46	hybrid_long_short_read	OPERA-MS	metadata/opera_ms_dog_coassembly_manifest_from_excel.tsv	all_hybrid_from_excel	10	short_read_R1	DMD_D_PM4_230407	DMD_D_PM4_230407_trimmed_host_removed_R1.fq.gz		previously_uploaded	Illumina	DMD_D_PM4_230407_ILLUMINA_WGS	PAIRED	WGS	short_read	DMD_short_read	DMD short read used coded sample ID from FASTQ filename
DOGMAG_ASM035	DOGMAG_ASM035.fasta	46	hybrid_long_short_read	OPERA-MS	metadata/opera_ms_dog_coassembly_manifest_from_excel.tsv	all_hybrid_from_excel	11	short_read_R2	DMD_D_PM4_230128	DMD_D_PM4_230128_trimmed_host_removed_R2.fq.gz		previously_uploaded	Illumina	DMD_D_PM4_230128_ILLUMINA_WGS	PAIRED	WGS	short_read	DMD_short_read	DMD short read used coded sample ID from FASTQ filename
DOGMAG_ASM035	DOGMAG_ASM035.fasta	46	hybrid_long_short_read	OPERA-MS	metadata/opera_ms_dog_coassembly_manifest_from_excel.tsv	all_hybrid_from_excel	12	short_read_R2	DMD_D_PM4_230225	DMD_D_PM4_230225_trimmed_host_removed_R2.fq.gz		previously_uploaded	Illumina	DMD_D_PM4_230225_ILLUMINA_WGS	PAIRED	WGS	short_read	DMD_short_read	DMD short read used coded sample ID from FASTQ filename
DOGMAG_ASM035	DOGMAG_ASM035.fasta	46	hybrid_long_short_read	OPERA-MS	metadata/opera_ms_dog_coassembly_manifest_from_excel.tsv	all_hybrid_from_excel	13	short_read_R2	DMD_D_PM4_230226	DMD_D_PM4_230226_trimmed_host_removed_R2.fq.gz		previously_uploaded	Illumina	DMD_D_PM4_230226_ILLUMINA_WGS	PAIRED	WGS	short_read	DMD_short_read	DMD short read used coded sample ID from FASTQ filename
DOGMAG_ASM035	DOGMAG_ASM035.fasta	46	hybrid_long_short_read	OPERA-MS	metadata/opera_ms_dog_coassembly_manifest_from_excel.tsv	all_hybrid_from_excel	14	short_read_R2	DMD_D_PM4_230301	DMD_D_PM4_230301_trimmed_host_removed_R2.fq.gz		previously_uploaded	Illumina	DMD_D_PM4_230301_ILLUMINA_WGS	PAIRED	WGS	short_read	DMD_short_read	DMD short read used coded sample ID from FASTQ filename
DOGMAG_ASM035	DOGMAG_ASM035.fasta	46	hybrid_long_short_read	OPERA-MS	metadata/opera_ms_dog_coassembly_manifest_from_excel.tsv	all_hybrid_from_excel	15	short_read_R2	DMD_D_PM4_230311	DMD_D_PM4_230311_trimmed_host_removed_R2.fq.gz		previously_uploaded	Illumina	DMD_D_PM4_230311_ILLUMINA_WGS	PAIRED	WGS	short_read	DMD_short_read	DMD short read used coded sample ID from FASTQ filename
DOGMAG_ASM035	DOGMAG_ASM035.fasta	46	hybrid_long_short_read	OPERA-MS	metadata/opera_ms_dog_coassembly_manifest_from_excel.tsv	all_hybrid_from_excel	16	short_read_R2	DMD_D_PM4_230320	DMD_D_PM4_230320_trimmed_host_removed_R2.fq.gz		previously_uploaded	Illumina	DMD_D_PM4_230320_ILLUMINA_WGS	PAIRED	WGS	short_read	DMD_short_read	DMD short read used coded sample ID from FASTQ filename
DOGMAG_ASM035	DOGMAG_ASM035.fasta	46	hybrid_long_short_read	OPERA-MS	metadata/opera_ms_dog_coassembly_manifest_from_excel.tsv	all_hybrid_from_excel	17	short_read_R2	DMD_D_PM4_230330	DMD_D_PM4_230330_trimmed_host_removed_R2.fq.gz		previously_uploaded	Illumina	DMD_D_PM4_230330_ILLUMINA_WGS	PAIRED	WGS	short_read	DMD_short_read	DMD short read used coded sample ID from FASTQ filename
DOGMAG_ASM035	DOGMAG_ASM035.fasta	46	hybrid_long_short_read	OPERA-MS	metadata/opera_ms_dog_coassembly_manifest_from_excel.tsv	all_hybrid_from_excel	18	short_read_R2	DMD_D_PM4_230407	DMD_D_PM4_230407_trimmed_host_removed_R2.fq.gz		previously_uploaded	Illumina	DMD_D_PM4_230407_ILLUMINA_WGS	PAIRED	WGS	short_read	DMD_short_read	DMD short read used coded sample ID from FASTQ filename
DOGMAG_ASM036	DOGMAG_ASM036.fasta	47	hybrid_long_short_read	OPERA-MS	metadata/opera_ms_dog_coassembly_manifest_from_excel.tsv	all_hybrid_from_excel	1	long_read	DMD_0_AM1_210513	DMD_0_AM1_210513.fastq.gz	c54c85c9971028b6f79bf60b3f4a8039	PRJEB115259	PromethION	DMD_0_AM1_210513_ONT_WGS	SINGLE	WGS	long_read	mixed_kennel_ONT_WGS	Mixed-kennel read renamed to public sample identifier
DOGMAG_ASM036	DOGMAG_ASM036.fasta	47	hybrid_long_short_read	OPERA-MS	metadata/opera_ms_dog_coassembly_manifest_from_excel.tsv	all_hybrid_from_excel	2	long_read	DMD_0_AM1	DMD_0_AM1_MN_BC05.fastq.gz	83beab89e6609da2c88b76e611afdffd	PRJEB115259	MinION	DMD_0_AM1_MN_BC05_ONT_WGS	SINGLE	WGS	long_read	ENA_PRJEB115259_long_read	
DOGMAG_ASM036	DOGMAG_ASM036.fasta	47	hybrid_long_short_read	OPERA-MS	metadata/opera_ms_dog_coassembly_manifest_from_excel.tsv	all_hybrid_from_excel	3	long_read	DMD_0_AM1	DMD_0_AM1_Zymo_HMW_BC01.fastq.gz	24a52db438f92f52c6afdb7fa286f5c9	PRJEB115259	MinION	DMD_0_AM1_Zymo_HMW_BC01_ONT_WGS	SINGLE	WGS	long_read	ENA_PRJEB115259_long_read	
DOGMAG_ASM036	DOGMAG_ASM036.fasta	47	hybrid_long_short_read	OPERA-MS	metadata/opera_ms_dog_coassembly_manifest_from_excel.tsv	all_hybrid_from_excel	4	short_read_R1	DMD_0_AM1_201015	DMD_0_AM1_201015_trimmed_host_removed_R1.fq.gz		previously_uploaded	Illumina	DMD_0_AM1_201015_ILLUMINA_WGS	PAIRED	WGS	short_read	DMD_short_read	DMD short read used coded sample ID from FASTQ filename
DOGMAG_ASM036	DOGMAG_ASM036.fasta	47	hybrid_long_short_read	OPERA-MS	metadata/opera_ms_dog_coassembly_manifest_from_excel.tsv	all_hybrid_from_excel	5	short_read_R1	DMD_0_AM1_201105	DMD_0_AM1_201105_trimmed_host_removed_R1.fq.gz		previously_uploaded	Illumina	DMD_0_AM1_201105_ILLUMINA_WGS	PAIRED	WGS	short_read	DMD_short_read	DMD short read used coded sample ID from FASTQ filename
DOGMAG_ASM036	DOGMAG_ASM036.fasta	47	hybrid_long_short_read	OPERA-MS	metadata/opera_ms_dog_coassembly_manifest_from_excel.tsv	all_hybrid_from_excel	6	short_read_R1	DMD_0_AM1_201107	DMD_0_AM1_201107_trimmed_host_removed_R1.fq.gz		previously_uploaded	Illumina	DMD_0_AM1_201107_ILLUMINA_WGS	PAIRED	WGS	short_read	DMD_short_read	DMD short read used coded sample ID from FASTQ filename
DOGMAG_ASM036	DOGMAG_ASM036.fasta	47	hybrid_long_short_read	OPERA-MS	metadata/opera_ms_dog_coassembly_manifest_from_excel.tsv	all_hybrid_from_excel	7	short_read_R1	DMD_0_AM1_201122	DMD_0_AM1_201122_trimmed_host_removed_R1.fq.gz		previously_uploaded	Illumina	DMD_0_AM1_201122_ILLUMINA_WGS	PAIRED	WGS	short_read	DMD_short_read	DMD short read used coded sample ID from FASTQ filename
DOGMAG_ASM036	DOGMAG_ASM036.fasta	47	hybrid_long_short_read	OPERA-MS	metadata/opera_ms_dog_coassembly_manifest_from_excel.tsv	all_hybrid_from_excel	8	short_read_R1	DMD_0_AM1_201129	DMD_0_AM1_201129_trimmed_host_removed_R1.fq.gz		previously_uploaded	Illumina	DMD_0_AM1_201129_ILLUMINA_WGS	PAIRED	WGS	short_read	DMD_short_read	DMD short read used coded sample ID from FASTQ filename
DOGMAG_ASM036	DOGMAG_ASM036.fasta	47	hybrid_long_short_read	OPERA-MS	metadata/opera_ms_dog_coassembly_manifest_from_excel.tsv	all_hybrid_from_excel	9	short_read_R1	DMD_0_AM1_210513	DMD_0_AM1_210513_trimmed_host_removed_R1.fq.gz		previously_uploaded	Illumina	DMD_0_AM1_210513_ILLUMINA_WGS	PAIRED	WGS	short_read	DMD_short_read	DMD short read used coded sample ID from FASTQ filename
DOGMAG_ASM036	DOGMAG_ASM036.fasta	47	hybrid_long_short_read	OPERA-MS	metadata/opera_ms_dog_coassembly_manifest_from_excel.tsv	all_hybrid_from_excel	10	short_read_R1	DMD_0_AM1_211227	DMD_0_AM1_211227_trimmed_host_removed_R1.fq.gz		previously_uploaded	Illumina	DMD_0_AM1_211227_ILLUMINA_WGS	PAIRED	WGS	short_read	DMD_short_read	DMD short read used coded sample ID from FASTQ filename
DOGMAG_ASM036	DOGMAG_ASM036.fasta	47	hybrid_long_short_read	OPERA-MS	metadata/opera_ms_dog_coassembly_manifest_from_excel.tsv	all_hybrid_from_excel	11	short_read_R1	DMD_0_AM1_220101	DMD_0_AM1_220101_trimmed_host_removed_R1.fq.gz		previously_uploaded	Illumina	DMD_0_AM1_220101_ILLUMINA_WGS	PAIRED	WGS	short_read	DMD_short_read	DMD short read used coded sample ID from FASTQ filename
DOGMAG_ASM036	DOGMAG_ASM036.fasta	47	hybrid_long_short_read	OPERA-MS	metadata/opera_ms_dog_coassembly_manifest_from_excel.tsv	all_hybrid_from_excel	12	short_read_R1	DMD_0_AM1_220117	DMD_0_AM1_220117_trimmed_host_removed_R1.fq.gz		previously_uploaded	Illumina	DMD_0_AM1_220117_ILLUMINA_WGS	PAIRED	WGS	short_read	DMD_short_read	DMD short read used coded sample ID from FASTQ filename
DOGMAG_ASM036	DOGMAG_ASM036.fasta	47	hybrid_long_short_read	OPERA-MS	metadata/opera_ms_dog_coassembly_manifest_from_excel.tsv	all_hybrid_from_excel	13	short_read_R1	DMD_0_AM1_220204	DMD_0_AM1_220204_trimmed_host_removed_R1.fq.gz		previously_uploaded	Illumina	DMD_0_AM1_220204_ILLUMINA_WGS	PAIRED	WGS	short_read	DMD_short_read	DMD short read used coded sample ID from FASTQ filename
DOGMAG_ASM036	DOGMAG_ASM036.fasta	47	hybrid_long_short_read	OPERA-MS	metadata/opera_ms_dog_coassembly_manifest_from_excel.tsv	all_hybrid_from_excel	14	short_read_R1	DMD_0_AM1_230210	DMD_0_AM1_230210_trimmed_host_removed_R1.fq.gz		previously_uploaded	Illumina	DMD_0_AM1_230210_ILLUMINA_WGS	PAIRED	WGS	short_read	DMD_short_read	DMD short read used coded sample ID from FASTQ filename
DOGMAG_ASM036	DOGMAG_ASM036.fasta	47	hybrid_long_short_read	OPERA-MS	metadata/opera_ms_dog_coassembly_manifest_from_excel.tsv	all_hybrid_from_excel	15	short_read_R2	DMD_0_AM1_201015	DMD_0_AM1_201015_trimmed_host_removed_R2.fq.gz		previously_uploaded	Illumina	DMD_0_AM1_201015_ILLUMINA_WGS	PAIRED	WGS	short_read	DMD_short_read	DMD short read used coded sample ID from FASTQ filename
DOGMAG_ASM036	DOGMAG_ASM036.fasta	47	hybrid_long_short_read	OPERA-MS	metadata/opera_ms_dog_coassembly_manifest_from_excel.tsv	all_hybrid_from_excel	16	short_read_R2	DMD_0_AM1_201105	DMD_0_AM1_201105_trimmed_host_removed_R2.fq.gz		previously_uploaded	Illumina	DMD_0_AM1_201105_ILLUMINA_WGS	PAIRED	WGS	short_read	DMD_short_read	DMD short read used coded sample ID from FASTQ filename
DOGMAG_ASM036	DOGMAG_ASM036.fasta	47	hybrid_long_short_read	OPERA-MS	metadata/opera_ms_dog_coassembly_manifest_from_excel.tsv	all_hybrid_from_excel	17	short_read_R2	DMD_0_AM1_201107	DMD_0_AM1_201107_trimmed_host_removed_R2.fq.gz		previously_uploaded	Illumina	DMD_0_AM1_201107_ILLUMINA_WGS	PAIRED	WGS	short_read	DMD_short_read	DMD short read used coded sample ID from FASTQ filename
DOGMAG_ASM036	DOGMAG_ASM036.fasta	47	hybrid_long_short_read	OPERA-MS	metadata/opera_ms_dog_coassembly_manifest_from_excel.tsv	all_hybrid_from_excel	18	short_read_R2	DMD_0_AM1_201122	DMD_0_AM1_201122_trimmed_host_removed_R2.fq.gz		previously_uploaded	Illumina	DMD_0_AM1_201122_ILLUMINA_WGS	PAIRED	WGS	short_read	DMD_short_read	DMD short read used coded sample ID from FASTQ filename
DOGMAG_ASM036	DOGMAG_ASM036.fasta	47	hybrid_long_short_read	OPERA-MS	metadata/opera_ms_dog_coassembly_manifest_from_excel.tsv	all_hybrid_from_excel	19	short_read_R2	DMD_0_AM1_201129	DMD_0_AM1_201129_trimmed_host_removed_R2.fq.gz		previously_uploaded	Illumina	DMD_0_AM1_201129_ILLUMINA_WGS	PAIRED	WGS	short_read	DMD_short_read	DMD short read used coded sample ID from FASTQ filename
DOGMAG_ASM036	DOGMAG_ASM036.fasta	47	hybrid_long_short_read	OPERA-MS	metadata/opera_ms_dog_coassembly_manifest_from_excel.tsv	all_hybrid_from_excel	20	short_read_R2	DMD_0_AM1_210513	DMD_0_AM1_210513_trimmed_host_removed_R2.fq.gz		previously_uploaded	Illumina	DMD_0_AM1_210513_ILLUMINA_WGS	PAIRED	WGS	short_read	DMD_short_read	DMD short read used coded sample ID from FASTQ filename
DOGMAG_ASM036	DOGMAG_ASM036.fasta	47	hybrid_long_short_read	OPERA-MS	metadata/opera_ms_dog_coassembly_manifest_from_excel.tsv	all_hybrid_from_excel	21	short_read_R2	DMD_0_AM1_211227	DMD_0_AM1_211227_trimmed_host_removed_R2.fq.gz		previously_uploaded	Illumina	DMD_0_AM1_211227_ILLUMINA_WGS	PAIRED	WGS	short_read	DMD_short_read	DMD short read used coded sample ID from FASTQ filename
DOGMAG_ASM036	DOGMAG_ASM036.fasta	47	hybrid_long_short_read	OPERA-MS	metadata/opera_ms_dog_coassembly_manifest_from_excel.tsv	all_hybrid_from_excel	22	short_read_R2	DMD_0_AM1_220101	DMD_0_AM1_220101_trimmed_host_removed_R2.fq.gz		previously_uploaded	Illumina	DMD_0_AM1_220101_ILLUMINA_WGS	PAIRED	WGS	short_read	DMD_short_read	DMD short read used coded sample ID from FASTQ filename
DOGMAG_ASM036	DOGMAG_ASM036.fasta	47	hybrid_long_short_read	OPERA-MS	metadata/opera_ms_dog_coassembly_manifest_from_excel.tsv	all_hybrid_from_excel	23	short_read_R2	DMD_0_AM1_220117	DMD_0_AM1_220117_trimmed_host_removed_R2.fq.gz		previously_uploaded	Illumina	DMD_0_AM1_220117_ILLUMINA_WGS	PAIRED	WGS	short_read	DMD_short_read	DMD short read used coded sample ID from FASTQ filename
DOGMAG_ASM036	DOGMAG_ASM036.fasta	47	hybrid_long_short_read	OPERA-MS	metadata/opera_ms_dog_coassembly_manifest_from_excel.tsv	all_hybrid_from_excel	24	short_read_R2	DMD_0_AM1_220204	DMD_0_AM1_220204_trimmed_host_removed_R2.fq.gz		previously_uploaded	Illumina	DMD_0_AM1_220204_ILLUMINA_WGS	PAIRED	WGS	short_read	DMD_short_read	DMD short read used coded sample ID from FASTQ filename
DOGMAG_ASM036	DOGMAG_ASM036.fasta	47	hybrid_long_short_read	OPERA-MS	metadata/opera_ms_dog_coassembly_manifest_from_excel.tsv	all_hybrid_from_excel	25	short_read_R2	DMD_0_AM1_230210	DMD_0_AM1_230210_trimmed_host_removed_R2.fq.gz		previously_uploaded	Illumina	DMD_0_AM1_230210_ILLUMINA_WGS	PAIRED	WGS	short_read	DMD_short_read	DMD short read used coded sample ID from FASTQ filename
DOGMAG_ASM037	DOGMAG_ASM037.fasta	48	hybrid_long_short_read	OPERA-MS	metadata/opera_ms_dog_coassembly_manifest_from_excel.tsv	all_hybrid_from_excel	1	long_read	LPL_P_PF2_230603	LPL_P_PF2_230603.fastq.gz	6d68f1d6df6987ed73407209d266507a	PRJEB115259	PromethION	LPL_P_PF2_230603_ONT_WGS	SINGLE	WGS	long_read	mixed_kennel_ONT_WGS	Mixed-kennel read renamed to public sample identifier
DOGMAG_ASM037	DOGMAG_ASM037.fasta	48	hybrid_long_short_read	OPERA-MS	metadata/opera_ms_dog_coassembly_manifest_from_excel.tsv	all_hybrid_from_excel	2	long_read	LPL_P_PF2_230826	LPL_P_PF2_230826.fastq.gz	ddbd83413a0f3696bc45152bff8d3622	PRJEB115259	PromethION	LPL_P_PF2_230826_ONT_WGS	SINGLE	WGS	long_read	mixed_kennel_ONT_WGS	Mixed-kennel read renamed to public sample identifier
DOGMAG_ASM037	DOGMAG_ASM037.fasta	48	hybrid_long_short_read	OPERA-MS	metadata/opera_ms_dog_coassembly_manifest_from_excel.tsv	all_hybrid_from_excel	3	short_read_R1	DMD_D_PF2_230220	DMD_D_PF2_230220_trimmed_host_removed_R1.fq.gz		previously_uploaded	Illumina	DMD_D_PF2_230220_ILLUMINA_WGS	PAIRED	WGS	short_read	DMD_short_read	DMD short read used coded sample ID from FASTQ filename
DOGMAG_ASM037	DOGMAG_ASM037.fasta	48	hybrid_long_short_read	OPERA-MS	metadata/opera_ms_dog_coassembly_manifest_from_excel.tsv	all_hybrid_from_excel	4	short_read_R1	DMD_D_PF2_230225	DMD_D_PF2_230225_trimmed_host_removed_R1.fq.gz		previously_uploaded	Illumina	DMD_D_PF2_230225_ILLUMINA_WGS	PAIRED	WGS	short_read	DMD_short_read	DMD short read used coded sample ID from FASTQ filename
DOGMAG_ASM037	DOGMAG_ASM037.fasta	48	hybrid_long_short_read	OPERA-MS	metadata/opera_ms_dog_coassembly_manifest_from_excel.tsv	all_hybrid_from_excel	5	short_read_R1	DMD_D_PF2_230311	DMD_D_PF2_230311_trimmed_host_removed_R1.fq.gz		previously_uploaded	Illumina	DMD_D_PF2_230311_ILLUMINA_WGS	PAIRED	WGS	short_read	DMD_short_read	DMD short read used coded sample ID from FASTQ filename
DOGMAG_ASM037	DOGMAG_ASM037.fasta	48	hybrid_long_short_read	OPERA-MS	metadata/opera_ms_dog_coassembly_manifest_from_excel.tsv	all_hybrid_from_excel	6	short_read_R1	DMD_D_PF2_230330	DMD_D_PF2_230330_trimmed_host_removed_R1.fq.gz		previously_uploaded	Illumina	DMD_D_PF2_230330_ILLUMINA_WGS	PAIRED	WGS	short_read	DMD_short_read	DMD short read used coded sample ID from FASTQ filename
DOGMAG_ASM037	DOGMAG_ASM037.fasta	48	hybrid_long_short_read	OPERA-MS	metadata/opera_ms_dog_coassembly_manifest_from_excel.tsv	all_hybrid_from_excel	7	short_read_R1	DMD_D_PF2_230407	DMD_D_PF2_230407_trimmed_host_removed_R1.fq.gz		previously_uploaded	Illumina	DMD_D_PF2_230407_ILLUMINA_WGS	PAIRED	WGS	short_read	DMD_short_read	DMD short read used coded sample ID from FASTQ filename
DOGMAG_ASM037	DOGMAG_ASM037.fasta	48	hybrid_long_short_read	OPERA-MS	metadata/opera_ms_dog_coassembly_manifest_from_excel.tsv	all_hybrid_from_excel	8	short_read_R2	DMD_D_PF2_230220	DMD_D_PF2_230220_trimmed_host_removed_R2.fq.gz		previously_uploaded	Illumina	DMD_D_PF2_230220_ILLUMINA_WGS	PAIRED	WGS	short_read	DMD_short_read	DMD short read used coded sample ID from FASTQ filename
DOGMAG_ASM037	DOGMAG_ASM037.fasta	48	hybrid_long_short_read	OPERA-MS	metadata/opera_ms_dog_coassembly_manifest_from_excel.tsv	all_hybrid_from_excel	9	short_read_R2	DMD_D_PF2_230225	DMD_D_PF2_230225_trimmed_host_removed_R2.fq.gz		previously_uploaded	Illumina	DMD_D_PF2_230225_ILLUMINA_WGS	PAIRED	WGS	short_read	DMD_short_read	DMD short read used coded sample ID from FASTQ filename
DOGMAG_ASM037	DOGMAG_ASM037.fasta	48	hybrid_long_short_read	OPERA-MS	metadata/opera_ms_dog_coassembly_manifest_from_excel.tsv	all_hybrid_from_excel	10	short_read_R2	DMD_D_PF2_230311	DMD_D_PF2_230311_trimmed_host_removed_R2.fq.gz		previously_uploaded	Illumina	DMD_D_PF2_230311_ILLUMINA_WGS	PAIRED	WGS	short_read	DMD_short_read	DMD short read used coded sample ID from FASTQ filename
DOGMAG_ASM037	DOGMAG_ASM037.fasta	48	hybrid_long_short_read	OPERA-MS	metadata/opera_ms_dog_coassembly_manifest_from_excel.tsv	all_hybrid_from_excel	11	short_read_R2	DMD_D_PF2_230330	DMD_D_PF2_230330_trimmed_host_removed_R2.fq.gz		previously_uploaded	Illumina	DMD_D_PF2_230330_ILLUMINA_WGS	PAIRED	WGS	short_read	DMD_short_read	DMD short read used coded sample ID from FASTQ filename
DOGMAG_ASM037	DOGMAG_ASM037.fasta	48	hybrid_long_short_read	OPERA-MS	metadata/opera_ms_dog_coassembly_manifest_from_excel.tsv	all_hybrid_from_excel	12	short_read_R2	DMD_D_PF2_230407	DMD_D_PF2_230407_trimmed_host_removed_R2.fq.gz		previously_uploaded	Illumina	DMD_D_PF2_230407_ILLUMINA_WGS	PAIRED	WGS	short_read	DMD_short_read	DMD short read used coded sample ID from FASTQ filename
DOGMAG_ASM038	DOGMAG_ASM038.fasta	49	hybrid_long_short_read	OPERA-MS	metadata/opera_ms_dog_coassembly_manifest_from_excel.tsv	all_hybrid_from_excel	1	long_read	PP_K_PF1_230724	PP_K_PF1_230724.fastq.gz	107e7e6aa5d1a8f982bf56d7e3ced58c	PRJEB115259	PromethION	PP_K_PF1_230724_ONT_WGS	SINGLE	WGS	long_read	mixed_kennel_ONT_WGS	Mixed-kennel read renamed to public sample identifier
DOGMAG_ASM038	DOGMAG_ASM038.fasta	49	hybrid_long_short_read	OPERA-MS	metadata/opera_ms_dog_coassembly_manifest_from_excel.tsv	all_hybrid_from_excel	2	long_read	PP_K_PF1_230904	PP_K_PF1_230904.fastq.gz	554896630a1849f06823d7ee9970cdd5	PRJEB115259	PromethION	PP_K_PF1_230904_ONT_WGS	SINGLE	WGS	long_read	mixed_kennel_ONT_WGS	Mixed-kennel read renamed to public sample identifier
DOGMAG_ASM038	DOGMAG_ASM038.fasta	49	hybrid_long_short_read	OPERA-MS	metadata/opera_ms_dog_coassembly_manifest_from_excel.tsv	all_hybrid_from_excel	3	short_read_R1	DMD_D_PF3_230222	DMD_D_PF3_230222_trimmed_host_removed_R1.fq.gz		previously_uploaded	Illumina	DMD_D_PF3_230222_ILLUMINA_WGS	PAIRED	WGS	short_read	DMD_short_read	DMD short read used coded sample ID from FASTQ filename
DOGMAG_ASM038	DOGMAG_ASM038.fasta	49	hybrid_long_short_read	OPERA-MS	metadata/opera_ms_dog_coassembly_manifest_from_excel.tsv	all_hybrid_from_excel	4	short_read_R1	DMD_D_PF3_230226	DMD_D_PF3_230226_trimmed_host_removed_R1.fq.gz		previously_uploaded	Illumina	DMD_D_PF3_230226_ILLUMINA_WGS	PAIRED	WGS	short_read	DMD_short_read	DMD short read used coded sample ID from FASTQ filename
DOGMAG_ASM038	DOGMAG_ASM038.fasta	49	hybrid_long_short_read	OPERA-MS	metadata/opera_ms_dog_coassembly_manifest_from_excel.tsv	all_hybrid_from_excel	5	short_read_R1	DMD_D_PF3_230311	DMD_D_PF3_230311_trimmed_host_removed_R1.fq.gz		previously_uploaded	Illumina	DMD_D_PF3_230311_ILLUMINA_WGS	PAIRED	WGS	short_read	DMD_short_read	DMD short read used coded sample ID from FASTQ filename
DOGMAG_ASM038	DOGMAG_ASM038.fasta	49	hybrid_long_short_read	OPERA-MS	metadata/opera_ms_dog_coassembly_manifest_from_excel.tsv	all_hybrid_from_excel	6	short_read_R1	DMD_D_PF3_230320	DMD_D_PF3_230320_trimmed_host_removed_R1.fq.gz		previously_uploaded	Illumina	DMD_D_PF3_230320_ILLUMINA_WGS	PAIRED	WGS	short_read	DMD_short_read	DMD short read used coded sample ID from FASTQ filename
DOGMAG_ASM038	DOGMAG_ASM038.fasta	49	hybrid_long_short_read	OPERA-MS	metadata/opera_ms_dog_coassembly_manifest_from_excel.tsv	all_hybrid_from_excel	7	short_read_R1	DMD_D_PF3_230330	DMD_D_PF3_230330_trimmed_host_removed_R1.fq.gz		previously_uploaded	Illumina	DMD_D_PF3_230330_ILLUMINA_WGS	PAIRED	WGS	short_read	DMD_short_read	DMD short read used coded sample ID from FASTQ filename
DOGMAG_ASM038	DOGMAG_ASM038.fasta	49	hybrid_long_short_read	OPERA-MS	metadata/opera_ms_dog_coassembly_manifest_from_excel.tsv	all_hybrid_from_excel	8	short_read_R1	DMD_D_PF3_230407	DMD_D_PF3_230407_trimmed_host_removed_R1.fq.gz		previously_uploaded	Illumina	DMD_D_PF3_230407_ILLUMINA_WGS	PAIRED	WGS	short_read	DMD_short_read	DMD short read used coded sample ID from FASTQ filename
DOGMAG_ASM038	DOGMAG_ASM038.fasta	49	hybrid_long_short_read	OPERA-MS	metadata/opera_ms_dog_coassembly_manifest_from_excel.tsv	all_hybrid_from_excel	9	short_read_R2	DMD_D_PF3_230222	DMD_D_PF3_230222_trimmed_host_removed_R2.fq.gz		previously_uploaded	Illumina	DMD_D_PF3_230222_ILLUMINA_WGS	PAIRED	WGS	short_read	DMD_short_read	DMD short read used coded sample ID from FASTQ filename
DOGMAG_ASM038	DOGMAG_ASM038.fasta	49	hybrid_long_short_read	OPERA-MS	metadata/opera_ms_dog_coassembly_manifest_from_excel.tsv	all_hybrid_from_excel	10	short_read_R2	DMD_D_PF3_230226	DMD_D_PF3_230226_trimmed_host_removed_R2.fq.gz		previously_uploaded	Illumina	DMD_D_PF3_230226_ILLUMINA_WGS	PAIRED	WGS	short_read	DMD_short_read	DMD short read used coded sample ID from FASTQ filename
DOGMAG_ASM038	DOGMAG_ASM038.fasta	49	hybrid_long_short_read	OPERA-MS	metadata/opera_ms_dog_coassembly_manifest_from_excel.tsv	all_hybrid_from_excel	11	short_read_R2	DMD_D_PF3_230311	DMD_D_PF3_230311_trimmed_host_removed_R2.fq.gz		previously_uploaded	Illumina	DMD_D_PF3_230311_ILLUMINA_WGS	PAIRED	WGS	short_read	DMD_short_read	DMD short read used coded sample ID from FASTQ filename
DOGMAG_ASM038	DOGMAG_ASM038.fasta	49	hybrid_long_short_read	OPERA-MS	metadata/opera_ms_dog_coassembly_manifest_from_excel.tsv	all_hybrid_from_excel	12	short_read_R2	DMD_D_PF3_230320	DMD_D_PF3_230320_trimmed_host_removed_R2.fq.gz		previously_uploaded	Illumina	DMD_D_PF3_230320_ILLUMINA_WGS	PAIRED	WGS	short_read	DMD_short_read	DMD short read used coded sample ID from FASTQ filename
DOGMAG_ASM038	DOGMAG_ASM038.fasta	49	hybrid_long_short_read	OPERA-MS	metadata/opera_ms_dog_coassembly_manifest_from_excel.tsv	all_hybrid_from_excel	13	short_read_R2	DMD_D_PF3_230330	DMD_D_PF3_230330_trimmed_host_removed_R2.fq.gz		previously_uploaded	Illumina	DMD_D_PF3_230330_ILLUMINA_WGS	PAIRED	WGS	short_read	DMD_short_read	DMD short read used coded sample ID from FASTQ filename
DOGMAG_ASM038	DOGMAG_ASM038.fasta	49	hybrid_long_short_read	OPERA-MS	metadata/opera_ms_dog_coassembly_manifest_from_excel.tsv	all_hybrid_from_excel	14	short_read_R2	DMD_D_PF3_230407	DMD_D_PF3_230407_trimmed_host_removed_R2.fq.gz		previously_uploaded	Illumina	DMD_D_PF3_230407_ILLUMINA_WGS	PAIRED	WGS	short_read	DMD_short_read	DMD short read used coded sample ID from FASTQ filename
DOGMAG_ASM039	DOGMAG_ASM039.fasta	50	hybrid_long_short_read	OPERA-MS	metadata/opera_ms_dog_coassembly_manifest_from_excel.tsv	all_hybrid_from_excel	1	long_read	DMD_0_AF1	DMD_0_AF1_MN_BC06.fastq.gz	42445547c1719fbb9ee89001feece462	PRJEB115259	MinION	DMD_0_AF1_MN_BC06_ONT_WGS	SINGLE	WGS	long_read	ENA_PRJEB115259_long_read	
DOGMAG_ASM039	DOGMAG_ASM039.fasta	50	hybrid_long_short_read	OPERA-MS	metadata/opera_ms_dog_coassembly_manifest_from_excel.tsv	all_hybrid_from_excel	2	long_read	DMD_0_AF1	DMD_0_AF1_Zymo_HMW_BC02.fastq.gz	3bbcdd82c96d26f7f6f2a72b7da400cb	PRJEB115259	MinION	DMD_0_AF1_Zymo_HMW_BC02_ONT_WGS	SINGLE	WGS	long_read	ENA_PRJEB115259_long_read	
DOGMAG_ASM039	DOGMAG_ASM039.fasta	50	hybrid_long_short_read	OPERA-MS	metadata/opera_ms_dog_coassembly_manifest_from_excel.tsv	all_hybrid_from_excel	3	short_read_R1	DMD_0_AF1_201015	DMD_0_AF1_201015_trimmed_host_removed_R1.fq.gz		previously_uploaded	Illumina	DMD_0_AF1_201015_ILLUMINA_WGS	PAIRED	WGS	short_read	DMD_short_read	DMD short read used coded sample ID from FASTQ filename
DOGMAG_ASM039	DOGMAG_ASM039.fasta	50	hybrid_long_short_read	OPERA-MS	metadata/opera_ms_dog_coassembly_manifest_from_excel.tsv	all_hybrid_from_excel	4	short_read_R1	DMD_0_AF1_201103	DMD_0_AF1_201103_trimmed_host_removed_R1.fq.gz		previously_uploaded	Illumina	DMD_0_AF1_201103_ILLUMINA_WGS	PAIRED	WGS	short_read	DMD_short_read	DMD short read used coded sample ID from FASTQ filename
DOGMAG_ASM039	DOGMAG_ASM039.fasta	50	hybrid_long_short_read	OPERA-MS	metadata/opera_ms_dog_coassembly_manifest_from_excel.tsv	all_hybrid_from_excel	5	short_read_R1	DMD_0_AF1_201105	DMD_0_AF1_201105_trimmed_host_removed_R1.fq.gz		previously_uploaded	Illumina	DMD_0_AF1_201105_ILLUMINA_WGS	PAIRED	WGS	short_read	DMD_short_read	DMD short read used coded sample ID from FASTQ filename
DOGMAG_ASM039	DOGMAG_ASM039.fasta	50	hybrid_long_short_read	OPERA-MS	metadata/opera_ms_dog_coassembly_manifest_from_excel.tsv	all_hybrid_from_excel	6	short_read_R1	DMD_0_AF1_201107	DMD_0_AF1_201107_trimmed_host_removed_R1.fq.gz		previously_uploaded	Illumina	DMD_0_AF1_201107_ILLUMINA_WGS	PAIRED	WGS	short_read	DMD_short_read	DMD short read used coded sample ID from FASTQ filename
DOGMAG_ASM039	DOGMAG_ASM039.fasta	50	hybrid_long_short_read	OPERA-MS	metadata/opera_ms_dog_coassembly_manifest_from_excel.tsv	all_hybrid_from_excel	7	short_read_R1	DMD_0_AF1_201122	DMD_0_AF1_201122_trimmed_host_removed_R1.fq.gz		previously_uploaded	Illumina	DMD_0_AF1_201122_ILLUMINA_WGS	PAIRED	WGS	short_read	DMD_short_read	DMD short read used coded sample ID from FASTQ filename
DOGMAG_ASM039	DOGMAG_ASM039.fasta	50	hybrid_long_short_read	OPERA-MS	metadata/opera_ms_dog_coassembly_manifest_from_excel.tsv	all_hybrid_from_excel	8	short_read_R1	DMD_0_AF1_201129	DMD_0_AF1_201129_trimmed_host_removed_R1.fq.gz		previously_uploaded	Illumina	DMD_0_AF1_201129_ILLUMINA_WGS	PAIRED	WGS	short_read	DMD_short_read	DMD short read used coded sample ID from FASTQ filename
DOGMAG_ASM039	DOGMAG_ASM039.fasta	50	hybrid_long_short_read	OPERA-MS	metadata/opera_ms_dog_coassembly_manifest_from_excel.tsv	all_hybrid_from_excel	9	short_read_R1	DMD_0_AF1_210508	DMD_0_AF1_210508_trimmed_host_removed_R1.fq.gz		previously_uploaded	Illumina	DMD_0_AF1_210508_ILLUMINA_WGS	PAIRED	WGS	short_read	DMD_short_read	DMD short read used coded sample ID from FASTQ filename
DOGMAG_ASM039	DOGMAG_ASM039.fasta	50	hybrid_long_short_read	OPERA-MS	metadata/opera_ms_dog_coassembly_manifest_from_excel.tsv	all_hybrid_from_excel	10	short_read_R1	DMD_0_AF1_211222	DMD_0_AF1_211222_trimmed_host_removed_R1.fq.gz		previously_uploaded	Illumina	DMD_0_AF1_211222_ILLUMINA_WGS	PAIRED	WGS	short_read	DMD_short_read	DMD short read used coded sample ID from FASTQ filename
DOGMAG_ASM039	DOGMAG_ASM039.fasta	50	hybrid_long_short_read	OPERA-MS	metadata/opera_ms_dog_coassembly_manifest_from_excel.tsv	all_hybrid_from_excel	11	short_read_R1	DMD_0_AF1_211224	DMD_0_AF1_211224_trimmed_host_removed_R1.fq.gz		previously_uploaded	Illumina	DMD_0_AF1_211224_ILLUMINA_WGS	PAIRED	WGS	short_read	DMD_short_read	DMD short read used coded sample ID from FASTQ filename
DOGMAG_ASM039	DOGMAG_ASM039.fasta	50	hybrid_long_short_read	OPERA-MS	metadata/opera_ms_dog_coassembly_manifest_from_excel.tsv	all_hybrid_from_excel	12	short_read_R1	DMD_0_AF1_211227	DMD_0_AF1_211227_trimmed_host_removed_R1.fq.gz		previously_uploaded	Illumina	DMD_0_AF1_211227_ILLUMINA_WGS	PAIRED	WGS	short_read	DMD_short_read	DMD short read used coded sample ID from FASTQ filename
DOGMAG_ASM039	DOGMAG_ASM039.fasta	50	hybrid_long_short_read	OPERA-MS	metadata/opera_ms_dog_coassembly_manifest_from_excel.tsv	all_hybrid_from_excel	13	short_read_R1	DMD_0_AF1_220101	DMD_0_AF1_220101_trimmed_host_removed_R1.fq.gz		previously_uploaded	Illumina	DMD_0_AF1_220101_ILLUMINA_WGS	PAIRED	WGS	short_read	DMD_short_read	DMD short read used coded sample ID from FASTQ filename
DOGMAG_ASM039	DOGMAG_ASM039.fasta	50	hybrid_long_short_read	OPERA-MS	metadata/opera_ms_dog_coassembly_manifest_from_excel.tsv	all_hybrid_from_excel	14	short_read_R1	DMD_0_AF1_220117	DMD_0_AF1_220117_trimmed_host_removed_R1.fq.gz		previously_uploaded	Illumina	DMD_0_AF1_220117_ILLUMINA_WGS	PAIRED	WGS	short_read	DMD_short_read	DMD short read used coded sample ID from FASTQ filename
DOGMAG_ASM039	DOGMAG_ASM039.fasta	50	hybrid_long_short_read	OPERA-MS	metadata/opera_ms_dog_coassembly_manifest_from_excel.tsv	all_hybrid_from_excel	15	short_read_R1	DMD_0_AF1_220202	DMD_0_AF1_220202_trimmed_host_removed_R1.fq.gz		previously_uploaded	Illumina	DMD_0_AF1_220202_ILLUMINA_WGS	PAIRED	WGS	short_read	DMD_short_read	DMD short read used coded sample ID from FASTQ filename
DOGMAG_ASM039	DOGMAG_ASM039.fasta	50	hybrid_long_short_read	OPERA-MS	metadata/opera_ms_dog_coassembly_manifest_from_excel.tsv	all_hybrid_from_excel	16	short_read_R1	DMD_0_AF1_220204	DMD_0_AF1_220204_trimmed_host_removed_R1.fq.gz		previously_uploaded	Illumina	DMD_0_AF1_220204_ILLUMINA_WGS	PAIRED	WGS	short_read	DMD_short_read	DMD short read used coded sample ID from FASTQ filename
DOGMAG_ASM039	DOGMAG_ASM039.fasta	50	hybrid_long_short_read	OPERA-MS	metadata/opera_ms_dog_coassembly_manifest_from_excel.tsv	all_hybrid_from_excel	17	short_read_R1	DMD_0_AF1_230102	DMD_0_AF1_230102_trimmed_host_removed_R1.fq.gz		previously_uploaded	Illumina	DMD_0_AF1_230102_ILLUMINA_WGS	PAIRED	WGS	short_read	DMD_short_read	DMD short read used coded sample ID from FASTQ filename
DOGMAG_ASM039	DOGMAG_ASM039.fasta	50	hybrid_long_short_read	OPERA-MS	metadata/opera_ms_dog_coassembly_manifest_from_excel.tsv	all_hybrid_from_excel	18	short_read_R1	DMD_0_AF1_230225	DMD_0_AF1_230225_trimmed_host_removed_R1.fq.gz		previously_uploaded	Illumina	DMD_0_AF1_230225_ILLUMINA_WGS	PAIRED	WGS	short_read	DMD_short_read	DMD short read used coded sample ID from FASTQ filename
DOGMAG_ASM039	DOGMAG_ASM039.fasta	50	hybrid_long_short_read	OPERA-MS	metadata/opera_ms_dog_coassembly_manifest_from_excel.tsv	all_hybrid_from_excel	19	short_read_R2	DMD_0_AF1_201015	DMD_0_AF1_201015_trimmed_host_removed_R2.fq.gz		previously_uploaded	Illumina	DMD_0_AF1_201015_ILLUMINA_WGS	PAIRED	WGS	short_read	DMD_short_read	DMD short read used coded sample ID from FASTQ filename
DOGMAG_ASM039	DOGMAG_ASM039.fasta	50	hybrid_long_short_read	OPERA-MS	metadata/opera_ms_dog_coassembly_manifest_from_excel.tsv	all_hybrid_from_excel	20	short_read_R2	DMD_0_AF1_201103	DMD_0_AF1_201103_trimmed_host_removed_R2.fq.gz		previously_uploaded	Illumina	DMD_0_AF1_201103_ILLUMINA_WGS	PAIRED	WGS	short_read	DMD_short_read	DMD short read used coded sample ID from FASTQ filename
DOGMAG_ASM039	DOGMAG_ASM039.fasta	50	hybrid_long_short_read	OPERA-MS	metadata/opera_ms_dog_coassembly_manifest_from_excel.tsv	all_hybrid_from_excel	21	short_read_R2	DMD_0_AF1_201105	DMD_0_AF1_201105_trimmed_host_removed_R2.fq.gz		previously_uploaded	Illumina	DMD_0_AF1_201105_ILLUMINA_WGS	PAIRED	WGS	short_read	DMD_short_read	DMD short read used coded sample ID from FASTQ filename
DOGMAG_ASM039	DOGMAG_ASM039.fasta	50	hybrid_long_short_read	OPERA-MS	metadata/opera_ms_dog_coassembly_manifest_from_excel.tsv	all_hybrid_from_excel	22	short_read_R2	DMD_0_AF1_201107	DMD_0_AF1_201107_trimmed_host_removed_R2.fq.gz		previously_uploaded	Illumina	DMD_0_AF1_201107_ILLUMINA_WGS	PAIRED	WGS	short_read	DMD_short_read	DMD short read used coded sample ID from FASTQ filename
DOGMAG_ASM039	DOGMAG_ASM039.fasta	50	hybrid_long_short_read	OPERA-MS	metadata/opera_ms_dog_coassembly_manifest_from_excel.tsv	all_hybrid_from_excel	23	short_read_R2	DMD_0_AF1_201122	DMD_0_AF1_201122_trimmed_host_removed_R2.fq.gz		previously_uploaded	Illumina	DMD_0_AF1_201122_ILLUMINA_WGS	PAIRED	WGS	short_read	DMD_short_read	DMD short read used coded sample ID from FASTQ filename
DOGMAG_ASM039	DOGMAG_ASM039.fasta	50	hybrid_long_short_read	OPERA-MS	metadata/opera_ms_dog_coassembly_manifest_from_excel.tsv	all_hybrid_from_excel	24	short_read_R2	DMD_0_AF1_201129	DMD_0_AF1_201129_trimmed_host_removed_R2.fq.gz		previously_uploaded	Illumina	DMD_0_AF1_201129_ILLUMINA_WGS	PAIRED	WGS	short_read	DMD_short_read	DMD short read used coded sample ID from FASTQ filename
DOGMAG_ASM039	DOGMAG_ASM039.fasta	50	hybrid_long_short_read	OPERA-MS	metadata/opera_ms_dog_coassembly_manifest_from_excel.tsv	all_hybrid_from_excel	25	short_read_R2	DMD_0_AF1_210508	DMD_0_AF1_210508_trimmed_host_removed_R2.fq.gz		previously_uploaded	Illumina	DMD_0_AF1_210508_ILLUMINA_WGS	PAIRED	WGS	short_read	DMD_short_read	DMD short read used coded sample ID from FASTQ filename
DOGMAG_ASM039	DOGMAG_ASM039.fasta	50	hybrid_long_short_read	OPERA-MS	metadata/opera_ms_dog_coassembly_manifest_from_excel.tsv	all_hybrid_from_excel	26	short_read_R2	DMD_0_AF1_211222	DMD_0_AF1_211222_trimmed_host_removed_R2.fq.gz		previously_uploaded	Illumina	DMD_0_AF1_211222_ILLUMINA_WGS	PAIRED	WGS	short_read	DMD_short_read	DMD short read used coded sample ID from FASTQ filename
DOGMAG_ASM039	DOGMAG_ASM039.fasta	50	hybrid_long_short_read	OPERA-MS	metadata/opera_ms_dog_coassembly_manifest_from_excel.tsv	all_hybrid_from_excel	27	short_read_R2	DMD_0_AF1_211224	DMD_0_AF1_211224_trimmed_host_removed_R2.fq.gz		previously_uploaded	Illumina	DMD_0_AF1_211224_ILLUMINA_WGS	PAIRED	WGS	short_read	DMD_short_read	DMD short read used coded sample ID from FASTQ filename
DOGMAG_ASM039	DOGMAG_ASM039.fasta	50	hybrid_long_short_read	OPERA-MS	metadata/opera_ms_dog_coassembly_manifest_from_excel.tsv	all_hybrid_from_excel	28	short_read_R2	DMD_0_AF1_211227	DMD_0_AF1_211227_trimmed_host_removed_R2.fq.gz		previously_uploaded	Illumina	DMD_0_AF1_211227_ILLUMINA_WGS	PAIRED	WGS	short_read	DMD_short_read	DMD short read used coded sample ID from FASTQ filename
DOGMAG_ASM039	DOGMAG_ASM039.fasta	50	hybrid_long_short_read	OPERA-MS	metadata/opera_ms_dog_coassembly_manifest_from_excel.tsv	all_hybrid_from_excel	29	short_read_R2	DMD_0_AF1_220101	DMD_0_AF1_220101_trimmed_host_removed_R2.fq.gz		previously_uploaded	Illumina	DMD_0_AF1_220101_ILLUMINA_WGS	PAIRED	WGS	short_read	DMD_short_read	DMD short read used coded sample ID from FASTQ filename
DOGMAG_ASM039	DOGMAG_ASM039.fasta	50	hybrid_long_short_read	OPERA-MS	metadata/opera_ms_dog_coassembly_manifest_from_excel.tsv	all_hybrid_from_excel	30	short_read_R2	DMD_0_AF1_220117	DMD_0_AF1_220117_trimmed_host_removed_R2.fq.gz		previously_uploaded	Illumina	DMD_0_AF1_220117_ILLUMINA_WGS	PAIRED	WGS	short_read	DMD_short_read	DMD short read used coded sample ID from FASTQ filename
DOGMAG_ASM039	DOGMAG_ASM039.fasta	50	hybrid_long_short_read	OPERA-MS	metadata/opera_ms_dog_coassembly_manifest_from_excel.tsv	all_hybrid_from_excel	31	short_read_R2	DMD_0_AF1_220202	DMD_0_AF1_220202_trimmed_host_removed_R2.fq.gz		previously_uploaded	Illumina	DMD_0_AF1_220202_ILLUMINA_WGS	PAIRED	WGS	short_read	DMD_short_read	DMD short read used coded sample ID from FASTQ filename
DOGMAG_ASM039	DOGMAG_ASM039.fasta	50	hybrid_long_short_read	OPERA-MS	metadata/opera_ms_dog_coassembly_manifest_from_excel.tsv	all_hybrid_from_excel	32	short_read_R2	DMD_0_AF1_220204	DMD_0_AF1_220204_trimmed_host_removed_R2.fq.gz		previously_uploaded	Illumina	DMD_0_AF1_220204_ILLUMINA_WGS	PAIRED	WGS	short_read	DMD_short_read	DMD short read used coded sample ID from FASTQ filename
DOGMAG_ASM039	DOGMAG_ASM039.fasta	50	hybrid_long_short_read	OPERA-MS	metadata/opera_ms_dog_coassembly_manifest_from_excel.tsv	all_hybrid_from_excel	33	short_read_R2	DMD_0_AF1_230102	DMD_0_AF1_230102_trimmed_host_removed_R2.fq.gz		previously_uploaded	Illumina	DMD_0_AF1_230102_ILLUMINA_WGS	PAIRED	WGS	short_read	DMD_short_read	DMD short read used coded sample ID from FASTQ filename
DOGMAG_ASM039	DOGMAG_ASM039.fasta	50	hybrid_long_short_read	OPERA-MS	metadata/opera_ms_dog_coassembly_manifest_from_excel.tsv	all_hybrid_from_excel	34	short_read_R2	DMD_0_AF1_230225	DMD_0_AF1_230225_trimmed_host_removed_R2.fq.gz		previously_uploaded	Illumina	DMD_0_AF1_230225_ILLUMINA_WGS	PAIRED	WGS	short_read	DMD_short_read	DMD short read used coded sample ID from FASTQ filename
DOGMAG_ASM040	DOGMAG_ASM040.fasta	51	hybrid_long_short_read	OPERA-MS	metadata/opera_ms_dog_coassembly_manifest_from_excel.tsv	all_hybrid_from_excel	1	long_read	DOG_M0_ONT_WGS_20230802_Inv_merged	DOG_M0_ONT_WGS_20230802_Inv_merged.fastq.gz		previously_uploaded	PromethION	DOG_M0_ONT_WGS_20230802_Inv_merged_ONT_WGS	SINGLE	WGS	long_read	Dog_M0_long_read	Dog_M0 long read public alias generated from legacy filename
DOGMAG_ASM040	DOGMAG_ASM040.fasta	51	hybrid_long_short_read	OPERA-MS	metadata/opera_ms_dog_coassembly_manifest_from_excel.tsv	all_hybrid_from_excel	2	long_read	DOG_M0_ONT_WGS_20230802_Zymo_merged	DOG_M0_ONT_WGS_20230802_Zymo_merged.fastq.gz		previously_uploaded	PromethION	DOG_M0_ONT_WGS_20230802_Zymo_merged_ONT_WGS	SINGLE	WGS	long_read	Dog_M0_long_read	Dog_M0 long read public alias generated from legacy filename
DOGMAG_ASM040	DOGMAG_ASM040.fasta	51	hybrid_long_short_read	OPERA-MS	metadata/opera_ms_dog_coassembly_manifest_from_excel.tsv	all_hybrid_from_excel	3	long_read	DOG_M0_ONT_WGS_sac_passed	DOG_M0_ONT_WGS_sac_passed.fastq.gz		previously_uploaded	PromethION	DOG_M0_ONT_WGS_sac_passed_ONT_WGS	SINGLE	WGS	long_read	Dog_M0_long_read	Dog_M0 long read public alias generated from legacy filename
DOGMAG_ASM040	DOGMAG_ASM040.fasta	51	hybrid_long_short_read	OPERA-MS	metadata/opera_ms_dog_coassembly_manifest_from_excel.tsv	all_hybrid_from_excel	4	short_read_R1	DOG_M0_20220201_MySeq_WGS_all	DOG_M0_20220201_MySeq_WGS_all_R1.fastq.gz		previously_uploaded	Illumina	DOG_M0_20220201_MySeq_WGS_all_ILLUMINA_WGS	PAIRED	WGS	short_read	Dog_M0_short_read	Dog_M0 short read public alias generated from legacy filename
DOGMAG_ASM040	DOGMAG_ASM040.fasta	51	hybrid_long_short_read	OPERA-MS	metadata/opera_ms_dog_coassembly_manifest_from_excel.tsv	all_hybrid_from_excel	5	short_read_R1	DOG_M0_20220331_MySeq_WGS_all	DOG_M0_20220331_MySeq_WGS_all_R1.fastq.gz		previously_uploaded	Illumina	DOG_M0_20220331_MySeq_WGS_all_ILLUMINA_WGS	PAIRED	WGS	short_read	Dog_M0_short_read	Dog_M0 short read public alias generated from legacy filename
DOGMAG_ASM040	DOGMAG_ASM040.fasta	51	hybrid_long_short_read	OPERA-MS	metadata/opera_ms_dog_coassembly_manifest_from_excel.tsv	all_hybrid_from_excel	6	short_read_R1	Dog_M0	UPL23-003595-rep1_S21_R1_filt.fq.gz		PRJEB75753	Illumina NovaSeq 6000	xGen DNA Library Prep Kit	PAIRED	WGS	ILLUMINA	Dog_M0/Toti	Filtered local R1 derivative of the Toti/Dog_M0 NovaSeq WGS library. The corresponding ENA run is ERR13110291 (ERX12481917; SAMEA115615490). The publication describes the library as paired-end, although ENA represents R1 and R2 as separate SINGLE runs.
DOGMAG_ASM040	DOGMAG_ASM040.fasta	51	hybrid_long_short_read	OPERA-MS	metadata/opera_ms_dog_coassembly_manifest_from_excel.tsv	all_hybrid_from_excel	7	short_read_R2	DOG_M0_20220201_MySeq_WGS_all	DOG_M0_20220201_MySeq_WGS_all_R2.fastq.gz		previously_uploaded	Illumina	DOG_M0_20220201_MySeq_WGS_all_ILLUMINA_WGS	PAIRED	WGS	short_read	Dog_M0_short_read	Dog_M0 short read public alias generated from legacy filename
DOGMAG_ASM040	DOGMAG_ASM040.fasta	51	hybrid_long_short_read	OPERA-MS	metadata/opera_ms_dog_coassembly_manifest_from_excel.tsv	all_hybrid_from_excel	8	short_read_R2	DOG_M0_20220331_MySeq_WGS_all	DOG_M0_20220331_MySeq_WGS_all_R2.fastq.gz		previously_uploaded	Illumina	DOG_M0_20220331_MySeq_WGS_all_ILLUMINA_WGS	PAIRED	WGS	short_read	Dog_M0_short_read	Dog_M0 short read public alias generated from legacy filename
DOGMAG_ASM040	DOGMAG_ASM040.fasta	51	hybrid_long_short_read	OPERA-MS	metadata/opera_ms_dog_coassembly_manifest_from_excel.tsv	all_hybrid_from_excel	9	short_read_R2	Dog_M0	UPL23-003595-rep1_S21_R2_filt.fq.gz		PRJEB75753	Illumina NovaSeq 6000	xGen DNA Library Prep Kit	PAIRED	WGS	ILLUMINA	Dog_M0/Toti	Filtered local R2 derivative of the Toti/Dog_M0 NovaSeq WGS library. The corresponding ENA run is ERR13110292 (ERX12481918; SAMEA115615491). The publication describes the library as paired-end, although ENA represents R1 and R2 as separate SINGLE runs.
DOGMAG_ASM041	DOGMAG_ASM041.fasta	52	hybrid_long_short_read	OPERA-MS	metadata/opera_ms_dog_coassembly_manifest_from_excel.tsv	all_hybrid_from_excel	1	long_read	LPL_P_PM2_230622	LPL_P_PM2_230622.fastq.gz	4c1fd153e0345a39988a935c9621951e	PRJEB115259	PromethION	LPL_P_PM2_230622_ONT_WGS	SINGLE	WGS	long_read	mixed_kennel_ONT_WGS	Mixed-kennel read renamed to public sample identifier
DOGMAG_ASM041	DOGMAG_ASM041.fasta	52	hybrid_long_short_read	OPERA-MS	metadata/opera_ms_dog_coassembly_manifest_from_excel.tsv	all_hybrid_from_excel	2	long_read	LPL_P_PM2_230815	LPL_P_PM2_230815.fastq.gz	547e40f873b75bf6aaedb18f9ed0dbaf	PRJEB115259	PromethION	LPL_P_PM2_230815_ONT_WGS	SINGLE	WGS	long_read	mixed_kennel_ONT_WGS	Mixed-kennel read renamed to public sample identifier
DOGMAG_ASM041	DOGMAG_ASM041.fasta	52	hybrid_long_short_read	OPERA-MS	metadata/opera_ms_dog_coassembly_manifest_from_excel.tsv	all_hybrid_from_excel	3	short_read_R1	DMD_D_PM3_230224	DMD_D_PM3_230224_trimmed_host_removed_R1.fq.gz		previously_uploaded	Illumina	DMD_D_PM3_230224_ILLUMINA_WGS	PAIRED	WGS	short_read	DMD_short_read	DMD short read used coded sample ID from FASTQ filename
DOGMAG_ASM041	DOGMAG_ASM041.fasta	52	hybrid_long_short_read	OPERA-MS	metadata/opera_ms_dog_coassembly_manifest_from_excel.tsv	all_hybrid_from_excel	4	short_read_R1	DMD_D_PM3_230225	DMD_D_PM3_230225_trimmed_host_removed_R1.fq.gz		previously_uploaded	Illumina	DMD_D_PM3_230225_ILLUMINA_WGS	PAIRED	WGS	short_read	DMD_short_read	DMD short read used coded sample ID from FASTQ filename
DOGMAG_ASM041	DOGMAG_ASM041.fasta	52	hybrid_long_short_read	OPERA-MS	metadata/opera_ms_dog_coassembly_manifest_from_excel.tsv	all_hybrid_from_excel	5	short_read_R1	DMD_D_PM3_230226	DMD_D_PM3_230226_trimmed_host_removed_R1.fq.gz		previously_uploaded	Illumina	DMD_D_PM3_230226_ILLUMINA_WGS	PAIRED	WGS	short_read	DMD_short_read	DMD short read used coded sample ID from FASTQ filename
DOGMAG_ASM041	DOGMAG_ASM041.fasta	52	hybrid_long_short_read	OPERA-MS	metadata/opera_ms_dog_coassembly_manifest_from_excel.tsv	all_hybrid_from_excel	6	short_read_R1	DMD_D_PM3_230311	DMD_D_PM3_230311_trimmed_host_removed_R1.fq.gz		previously_uploaded	Illumina	DMD_D_PM3_230311_ILLUMINA_WGS	PAIRED	WGS	short_read	DMD_short_read	DMD short read used coded sample ID from FASTQ filename
DOGMAG_ASM041	DOGMAG_ASM041.fasta	52	hybrid_long_short_read	OPERA-MS	metadata/opera_ms_dog_coassembly_manifest_from_excel.tsv	all_hybrid_from_excel	7	short_read_R1	DMD_D_PM3_230320	DMD_D_PM3_230320_trimmed_host_removed_R1.fq.gz		previously_uploaded	Illumina	DMD_D_PM3_230320_ILLUMINA_WGS	PAIRED	WGS	short_read	DMD_short_read	DMD short read used coded sample ID from FASTQ filename
DOGMAG_ASM041	DOGMAG_ASM041.fasta	52	hybrid_long_short_read	OPERA-MS	metadata/opera_ms_dog_coassembly_manifest_from_excel.tsv	all_hybrid_from_excel	8	short_read_R2	DMD_D_PM3_230224	DMD_D_PM3_230224_trimmed_host_removed_R2.fq.gz		previously_uploaded	Illumina	DMD_D_PM3_230224_ILLUMINA_WGS	PAIRED	WGS	short_read	DMD_short_read	DMD short read used coded sample ID from FASTQ filename
DOGMAG_ASM041	DOGMAG_ASM041.fasta	52	hybrid_long_short_read	OPERA-MS	metadata/opera_ms_dog_coassembly_manifest_from_excel.tsv	all_hybrid_from_excel	9	short_read_R2	DMD_D_PM3_230225	DMD_D_PM3_230225_trimmed_host_removed_R2.fq.gz		previously_uploaded	Illumina	DMD_D_PM3_230225_ILLUMINA_WGS	PAIRED	WGS	short_read	DMD_short_read	DMD short read used coded sample ID from FASTQ filename
DOGMAG_ASM041	DOGMAG_ASM041.fasta	52	hybrid_long_short_read	OPERA-MS	metadata/opera_ms_dog_coassembly_manifest_from_excel.tsv	all_hybrid_from_excel	10	short_read_R2	DMD_D_PM3_230226	DMD_D_PM3_230226_trimmed_host_removed_R2.fq.gz		previously_uploaded	Illumina	DMD_D_PM3_230226_ILLUMINA_WGS	PAIRED	WGS	short_read	DMD_short_read	DMD short read used coded sample ID from FASTQ filename
DOGMAG_ASM041	DOGMAG_ASM041.fasta	52	hybrid_long_short_read	OPERA-MS	metadata/opera_ms_dog_coassembly_manifest_from_excel.tsv	all_hybrid_from_excel	11	short_read_R2	DMD_D_PM3_230311	DMD_D_PM3_230311_trimmed_host_removed_R2.fq.gz		previously_uploaded	Illumina	DMD_D_PM3_230311_ILLUMINA_WGS	PAIRED	WGS	short_read	DMD_short_read	DMD short read used coded sample ID from FASTQ filename
DOGMAG_ASM041	DOGMAG_ASM041.fasta	52	hybrid_long_short_read	OPERA-MS	metadata/opera_ms_dog_coassembly_manifest_from_excel.tsv	all_hybrid_from_excel	12	short_read_R2	DMD_D_PM3_230320	DMD_D_PM3_230320_trimmed_host_removed_R2.fq.gz		previously_uploaded	Illumina	DMD_D_PM3_230320_ILLUMINA_WGS	PAIRED	WGS	short_read	DMD_short_read	DMD short read used coded sample ID from FASTQ filename
